,Title,Category,Rating,Price,Availability
0,A Light in the Attic,Poetry,Three,£51.77,In stock (22 available)
1,Tipping the Velvet,Historical Fiction,One,£53.74,In stock (20 available)
2,Soumission,Fiction,One,£50.10,In stock (20 available)
3,Sharp Objects,Mystery,Four,£47.82,In stock (20 available)
4,Sapiens: A Brief History of Humankind,History,Five,£54.23,In stock (20 available)
5,The Requiem Red,Young Adult,One,£22.65,In stock (19 available)
6,The Dirty Little Secrets of Getting Your Dream Job,Business,Four,£33.34,In stock (19 available)
7,"The Coming Woman: A Novel Based on the Life of the Infamous Feminist, Victoria Woodhull",Default,Three,£17.93,In stock (19 available)
8,The Boys in the Boat: Nine Americans and Their Epic Quest for Gold at the 1936 Berlin Olympics,Default,Four,£22.60,In stock (19 available)
9,The Black Maria,Poetry,One,£52.15,In stock (19 available)
10,"Starving Hearts (Triangular Trade Trilogy, #1)",Default,Two,£13.99,In stock (19 available)
11,Shakespeare's Sonnets,Poetry,Four,£20.66,In stock (19 available)
12,Set Me Free,Young Adult,Five,£17.46,In stock (19 available)
13,Scott Pilgrim's Precious Little Life (Scott Pilgrim #1),Sequential Art,Five,£52.29,In stock (19 available)
14,Rip it Up and Start Again,Music,Five,£35.02,In stock (19 available)
15,"Our Band Could Be Your Life: Scenes from the American Indie Underground, 1981-1991",Music,Three,£57.25,In stock (19 available)
16,Olio,Poetry,One,£23.88,In stock (19 available)
17,Mesaerion: The Best Science Fiction Stories 1800-1849,Science Fiction,One,£37.59,In stock (19 available)
18,Libertarianism for Beginners,Politics,Two,£51.33,In stock (19 available)
19,It's Only the Himalayas,Travel,Two,£45.17,In stock (19 available)
20,In Her Wake,Thriller,One,£12.84,In stock (19 available)
21,How Music Works,Music,Two,£37.32,In stock (19 available)
22,"Foolproof Preserving: A Guide to Small Batch Jams, Jellies, Pickles, Condiments, and More: A Foolproof Guide to Making Small Batch Jams, Jellies, Pickles, Condiments, and More",Food and Drink,Three,£30.52,In stock (19 available)
23,Chase Me (Paris Nights #2),Romance,Five,£25.27,In stock (19 available)
24,Black Dust,Romance,Five,£34.53,In stock (19 available)
25,Birdsong: A Story in Pictures,Childrens,Three,£54.64,In stock (19 available)
26,America's Cradle of Quarterbacks: Western Pennsylvania's Football Factory from Johnny Unitas to Joe Montana,Default,Three,£22.50,In stock (19 available)
27,Aladdin and His Wonderful Lamp,Default,Three,£53.13,In stock (19 available)
28,Worlds Elsewhere: Journeys Around Shakespeare’s Globe,Nonfiction,Five,£40.30,In stock (18 available)
29,Wall and Piece,Art,Four,£44.18,In stock (18 available)
30,The Four Agreements: A Practical Guide to Personal Freedom,Spirituality,Five,£17.66,In stock (18 available)
31,The Five Love Languages: How to Express Heartfelt Commitment to Your Mate,Nonfiction,Three,£31.05,In stock (18 available)
32,The Elephant Tree,Thriller,Five,£23.82,In stock (18 available)
33,The Bear and the Piano,Childrens,One,£36.89,In stock (18 available)
34,Sophie's World,Philosophy,Five,£15.94,In stock (18 available)
35,Penny Maybe,Default,Three,£33.29,In stock (18 available)
36,Maude (1883-1993):She Grew Up with the country,Default,Two,£18.02,In stock (18 available)
37,"In a Dark, Dark Wood",Mystery,One,£19.63,In stock (18 available)
38,Behind Closed Doors,Thriller,Four,£52.22,In stock (18 available)
39,You can't bury them all: Poems,Poetry,Two,£33.63,In stock (17 available)
40,Slow States of Collapse: Poems,Poetry,Three,£57.31,In stock (17 available)
41,Reasons to Stay Alive,Nonfiction,Two,£26.41,In stock (17 available)
42,Private Paris (Private #10),Fiction,Five,£47.61,In stock (17 available)
43,#HigherSelfie: Wake Up Your Life. Free Your Soul. Find Your Tribe.,Nonfiction,Five,£23.11,In stock (17 available)
44,Without Borders (Wanderlove #1),New Adult,Two,£45.07,In stock (16 available)
45,When We Collided,Contemporary,One,£31.77,In stock (16 available)
46,"We Love You, Charlie Freeman",Fiction,Five,£50.27,In stock (16 available)
47,Untitled Collection: Sabbath Poems 2014,Poetry,Four,£14.27,In stock (16 available)
48,"Unseen City: The Majesty of Pigeons, the Discreet Charm of Snails & Other Wonders of the Urban Wilderness",Nonfiction,Four,£44.18,In stock (16 available)
49,Unicorn Tracks,Fantasy,Three,£18.78,In stock (16 available)
50,"Unbound: How Eight Technologies Made Us Human, Transformed Society, and Brought Our World to the Brink",History,One,£25.52,In stock (16 available)
51,Tsubasa: WoRLD CHRoNiCLE 2 (Tsubasa WoRLD CHRoNiCLE #2),Sequential Art,One,£16.28,In stock (16 available)
52,Throwing Rocks at the Google Bus: How Growth Became the Enemy of Prosperity,Nonfiction,Three,£31.12,In stock (16 available)
53,This One Summer,Sequential Art,Four,£19.49,In stock (16 available)
54,Thirst,Fiction,Five,£17.27,In stock (16 available)
55,The Torch Is Passed: A Harding Family Story,Add a comment,One,£19.09,In stock (16 available)
56,The Secret of Dreadwillow Carse,Childrens,One,£56.13,In stock (16 available)
57,"The Pioneer Woman Cooks: Dinnertime: Comfort Classics, Freezer Food, 16-Minute Meals, and Other Delicious Ways to Solve Supper!",Food and Drink,One,£56.41,In stock (16 available)
58,The Past Never Ends,Mystery,Four,£56.50,In stock (16 available)
59,The Natural History of Us (The Fine Art of Pretending #2),Young Adult,Three,£45.22,In stock (16 available)
60,The Nameless City (The Nameless City #1),Sequential Art,Four,£38.16,In stock (16 available)
61,The Murder That Never Was (Forensic Instincts #5),Fiction,Three,£54.11,In stock (16 available)
62,The Most Perfect Thing: Inside (and Outside) a Bird's Egg,Science,Four,£42.96,In stock (16 available)
63,"The Mindfulness and Acceptance Workbook for Anxiety: A Guide to Breaking Free from Anxiety, Phobias, and Worry Using Acceptance and Commitment Therapy",Add a comment,Four,£23.89,In stock (16 available)
64,The Life-Changing Magic of Tidying Up: The Japanese Art of Decluttering and Organizing,Nonfiction,Three,£16.77,In stock (16 available)
65,"The Inefficiency Assassin: Time Management Tactics for Working Smarter, Not Longer",Default,Five,£20.59,In stock (16 available)
66,The Gutsy Girl: Escapades for Your Life of Epic Adventure,Nonfiction,One,£37.13,In stock (16 available)
67,The Electric Pencil: Drawings from Inside State Hospital No. 3,Nonfiction,One,£56.06,In stock (16 available)
68,The Death of Humanity: and the Case for Life,Philosophy,Four,£58.11,In stock (16 available)
69,"The Bulletproof Diet: Lose up to a Pound a Day, Reclaim Energy and Focus, Upgrade Your Life",Health,Three,£49.05,In stock (16 available)
70,The Art Forger,Add a comment,Three,£40.76,In stock (16 available)
71,The Age of Genius: The Seventeenth Century and the Birth of the Modern Mind,History,One,£19.73,In stock (16 available)
72,The Activist's Tao Te Ching: Ancient Advice for a Modern Revolution,Spirituality,Five,£32.24,In stock (16 available)
73,Spark Joy: An Illustrated Master Class on the Art of Organizing and Tidying Up,Nonfiction,Four,£41.83,In stock (16 available)
74,Soul Reader,Default,Two,£39.58,In stock (16 available)
75,Security,Horror,Two,£39.25,In stock (16 available)
76,"Saga, Volume 6 (Saga (Collected Editions) #6)",Fantasy,Three,£25.02,In stock (16 available)
77,"Saga, Volume 5 (Saga (Collected Editions) #5)",Sequential Art,Two,£51.04,In stock (16 available)
78,Reskilling America: Learning to Labor in the Twenty-First Century,Nonfiction,Two,£19.83,In stock (16 available)
79,"Rat Queens, Vol. 3: Demons (Rat Queens (Collected Editions) #11-15)",Sequential Art,Three,£50.40,In stock (16 available)
80,"Princess Jellyfish 2-in-1 Omnibus, Vol. 01 (Princess Jellyfish 2-in-1 Omnibus #1)",Sequential Art,Five,£13.61,In stock (16 available)
81,Princess Between Worlds (Wide-Awake Princess #5),Fantasy,Five,£13.34,In stock (16 available)
82,"Pop Gun War, Volume 1: Gift",Sequential Art,One,£18.97,In stock (16 available)
83,"Political Suicide: Missteps, Peccadilloes, Bad Calls, Backroom Hijinx, Sordid Pasts, Rotten Breaks, and Just Plain Dumb Mistakes in the Annals of American Politics",History,Two,£36.28,In stock (16 available)
84,Patience,Sequential Art,Three,£10.16,In stock (16 available)
85,"Outcast, Vol. 1: A Darkness Surrounds Him (Outcast #1)",Sequential Art,Four,£15.44,In stock (16 available)
86,orange: The Complete Collection 1 (orange: The Complete Collection #1),Sequential Art,One,£48.41,In stock (16 available)
87,Online Marketing for Busy Authors: A Step-By-Step Guide,Self Help,One,£46.35,In stock (16 available)
88,On a Midnight Clear,Add a comment,Three,£14.07,In stock (16 available)
89,Obsidian (Lux #1),Young Adult,Two,£14.86,In stock (16 available)
90,My Paris Kitchen: Recipes and Stories,Food and Drink,Two,£33.37,In stock (16 available)
91,Masks and Shadows,Fantasy,Two,£56.40,In stock (16 available)
92,"Mama Tried: Traditional Italian Cooking for the Screwed, Crude, Vegan, and Tattooed",Food and Drink,Four,£14.02,In stock (16 available)
93,"Lumberjanes, Vol. 2: Friendship to the Max (Lumberjanes #5-8)",Sequential Art,Two,£46.91,In stock (16 available)
94,"Lumberjanes, Vol. 1: Beware the Kitten Holy (Lumberjanes #1-4)",Sequential Art,Three,£45.61,In stock (16 available)
95,Lumberjanes Vol. 3: A Terrible Plan (Lumberjanes #9-12),Sequential Art,Two,£19.92,In stock (16 available)
96,"Layered: Baking, Building, and Styling Spectacular Cakes",Food and Drink,One,£40.11,In stock (16 available)
97,Judo: Seven Steps to Black Belt (an Introductory Guide for Beginners),Add a comment,Two,£53.90,In stock (16 available)
98,Join,Science Fiction,Five,£35.67,In stock (16 available)
99,In the Country We Love: My Family Divided,Nonfiction,Four,£22.00,In stock (16 available)
100,Immunity: How Elie Metchnikoff Changed the Course of Modern Medicine,Science,Five,£57.36,In stock (16 available)
101,"I Hate Fairyland, Vol. 1: Madly Ever After (I Hate Fairyland (Compilations) #1-5)",Sequential Art,Two,£29.17,In stock (16 available)
102,I am a Hero Omnibus Volume 1,Sequential Art,Three,£54.63,In stock (16 available)
103,How to Be Miserable: 40 Strategies You Already Use,Self Help,One,£46.03,In stock (16 available)
104,Her Backup Boyfriend (The Sorensen Family #1),Romance,One,£33.97,In stock (16 available)
105,"Giant Days, Vol. 2 (Giant Days #5-8)",Sequential Art,Two,£22.11,In stock (16 available)
106,Forever and Forever: The Courtship of Henry Longfellow and Fanny Appleton,Historical Fiction,Three,£29.69,In stock (16 available)
107,First and First (Five Boroughs #3),Romance,Four,£15.97,In stock (16 available)
108,Fifty Shades Darker (Fifty Shades #2),Romance,One,£21.96,In stock (16 available)
109,Everydata: The Misinformation Hidden in the Little Data You Consume Every Day,Nonfiction,Two,£54.35,In stock (16 available)
110,"Don't Be a Jerk: And Other Practical Advice from Dogen, Japan's Greatest Zen Master",Religion,Two,£37.97,In stock (16 available)
111,Danganronpa Volume 1,Sequential Art,Four,£51.99,In stock (16 available)
112,Crown of Midnight (Throne of Glass #2),Fantasy,Three,£43.29,In stock (16 available)
113,"Codename Baboushka, Volume 1: The Conclave of Death",Sequential Art,Four,£36.72,In stock (16 available)
114,Camp Midnight,Sequential Art,Four,£17.08,In stock (16 available)
115,Call the Nurse: True Stories of a Country Nurse on a Scottish Isle,Nonfiction,Five,£29.14,In stock (16 available)
116,Burning,Young Adult,Three,£28.81,In stock (16 available)
117,Bossypants,Default,Two,£49.46,In stock (16 available)
118,"Bitch Planet, Vol. 1: Extraordinary Machine (Bitch Planet (Collected Editions))",Sequential Art,Two,£37.92,In stock (16 available)
119,"Avatar: The Last Airbender: Smoke and Shadow, Part 3 (Smoke and Shadow #3)",Fantasy,Two,£28.09,In stock (16 available)
120,Algorithms to Live By: The Computer Science of Human Decisions,Nonfiction,One,£30.81,In stock (16 available)
121,A World of Flavor: Your Gluten Free Passport,Default,One,£42.95,In stock (16 available)
122,"A Piece of Sky, a Grain of Rice: A Memoir in Four Meditations",Default,Five,£56.76,In stock (16 available)
123,A Murder in Time,Mystery,One,£16.64,In stock (16 available)
124,A Flight of Arrows (The Pathfinders #2),Historical Fiction,Five,£55.53,In stock (16 available)
125,A Fierce and Subtle Poison,Young Adult,Four,£28.13,In stock (16 available)
126,A Court of Thorns and Roses (A Court of Thorns and Roses #1),Fantasy,One,£52.37,In stock (16 available)
127,(Un)Qualified: How God Uses Broken People to Do Big Things,Christian,Five,£54.00,In stock (16 available)
128,You Are What You Love: The Spiritual Power of Habit,Religion,Four,£21.87,In stock (15 available)
129,"William Shakespeare's Star Wars: Verily, A New Hope (William Shakespeare's Star Wars #4)",Science Fiction,Four,£43.30,In stock (15 available)
130,Tuesday Nights in 1980,Fiction,Two,£21.04,In stock (15 available)
131,Tracing Numbers on a Train,Default,Three,£41.60,In stock (15 available)
132,Throne of Glass (Throne of Glass #1),Fantasy,Three,£35.07,In stock (15 available)
133,Thomas Jefferson and the Tripoli Pirates: The Forgotten War That Changed American History,History,One,£59.64,In stock (15 available)
134,Thirteen Reasons Why,Default,One,£52.72,In stock (15 available)
135,The White Cat and the Monk: A Retelling of the Poem “Pangur Bán”,Childrens,Four,£58.08,In stock (15 available)
136,The Wedding Dress,Romance,One,£24.12,In stock (15 available)
137,The Vacationers,Fiction,Four,£42.15,In stock (15 available)
138,The Third Wave: An Entrepreneur’s Vision of the Future,Business,Five,£12.61,In stock (15 available)
139,The Stranger,Philosophy,Four,£17.44,In stock (15 available)
140,The Shadow Hero (The Shadow Hero),Sequential Art,One,£33.14,In stock (15 available)
141,The Secret (The Secret #1),Default,Four,£27.37,In stock (15 available)
142,The Regional Office Is Under Attack!,Fiction,Five,£51.36,In stock (15 available)
143,The Psychopath Test: A Journey Through the Madness Industry,Default,Two,£36.00,In stock (15 available)
144,The Project,Science Fiction,One,£10.65,In stock (15 available)
145,The Power of Now: A Guide to Spiritual Enlightenment,Nonfiction,Two,£43.54,In stock (15 available)
146,The Omnivore's Dilemma: A Natural History of Four Meals,Nonfiction,Two,£38.21,In stock (15 available)
147,The Nerdy Nummies Cookbook: Sweet Treats for the Geek in All of Us,Food and Drink,Five,£37.34,In stock (15 available)
148,The Murder of Roger Ackroyd (Hercule Poirot #4),Mystery,Four,£44.10,In stock (15 available)
149,The Mistake (Off-Campus #2),New Adult,Three,£43.29,In stock (15 available)
150,The Matchmaker's Playbook (Wingmen Inc. #1),New Adult,One,£55.85,In stock (15 available)
151,The Love and Lemons Cookbook: An Apple-to-Zucchini Celebration of Impromptu Cooking,Food and Drink,Two,£37.60,In stock (15 available)
152,The Long Shadow of Small Ghosts: Murder and Memory in an American City,Crime,One,£10.97,In stock (15 available)
153,The Kite Runner,Default,Four,£41.82,In stock (15 available)
154,The House by the Lake,Historical Fiction,One,£36.95,In stock (15 available)
155,The Glittering Court (The Glittering Court #1),Fantasy,One,£44.28,In stock (15 available)
156,The Girl on the Train,Default,Two,£55.02,In stock (15 available)
157,The Genius of Birds,Nonfiction,One,£17.24,In stock (15 available)
158,The Emerald Mystery,Default,Two,£23.15,In stock (15 available)
159,The Cookies & Cups Cookbook: 125+ sweet & savory recipes reminding you to Always Eat Dessert First,Food and Drink,One,£41.25,In stock (15 available)
160,The Bridge to Consciousness: I'm Writing the Bridge Between Science and Our Old and New Beliefs.,Default,Three,£32.00,In stock (15 available)
161,The Artist's Way: A Spiritual Path to Higher Creativity,Nonfiction,Five,£38.49,In stock (15 available)
162,The Art of War,Default,Five,£33.34,In stock (15 available)
163,The Argonauts,Autobiography,Two,£10.93,In stock (15 available)
164,The 10% Entrepreneur: Live Your Startup Dream Without Quitting Your Day Job,Business,Three,£27.55,In stock (15 available)
165,Suddenly in Love (Lake Haven #1),Romance,Two,£55.99,In stock (15 available)
166,Something More Than This,Romance,Four,£16.24,In stock (15 available)
167,Soft Apocalypse,Science Fiction,Two,£26.12,In stock (15 available)
168,So You've Been Publicly Shamed,Nonfiction,Two,£12.23,In stock (15 available)
169,Shoe Dog: A Memoir by the Creator of NIKE,Business,Two,£23.99,In stock (15 available)
170,"Shobu Samurai, Project Aryoku (#3)",Add a comment,Three,£29.06,In stock (15 available)
171,Secrets and Lace (Fatal Hearts #1),Default,One,£20.27,In stock (15 available)
172,Scarlett Epstein Hates It Here,Young Adult,Five,£43.55,In stock (15 available)
173,Romero and Juliet: A Tragic Tale of Love and Zombies,Default,One,£36.94,In stock (15 available)
174,Redeeming Love,Christian Fiction,Five,£20.47,In stock (15 available)
175,Poses for Artists Volume 1 - Dynamic and Sitting Poses: An Essential Reference for Figure Drawing and the Human Form,Default,One,£41.06,In stock (15 available)
176,Poems That Make Grown Women Cry,Poetry,Four,£14.19,In stock (15 available)
177,"Nightingale, Sing",Young Adult,One,£38.28,In stock (15 available)
178,Night Sky with Exit Wounds,Poetry,One,£41.05,In stock (15 available)
179,Mrs. Houdini,Historical Fiction,Five,£30.25,In stock (15 available)
180,Modern Romance,Add a comment,Five,£28.26,In stock (15 available)
181,Miss Peregrine’s Home for Peculiar Children (Miss Peregrine’s Peculiar Children #1),Default,One,£10.76,In stock (15 available)
182,Louisa: The Extraordinary Life of Mrs. Adams,Biography,Two,£16.85,In stock (15 available)
183,Little Red,Childrens,Three,£13.47,In stock (15 available)
184,Library of Souls (Miss Peregrine’s Peculiar Children #3),Young Adult,Five,£48.56,In stock (15 available)
185,Large Print Heart of the Pride,Default,Two,£19.15,In stock (15 available)
186,I Had a Nice Time And Other Lies...: How to find love & sh*t like that,Womens Fiction,Four,£57.36,In stock (15 available)
187,Hollow City (Miss Peregrine’s Peculiar Children #2),Fantasy,One,£42.98,In stock (15 available)
188,Grumbles,Default,Two,£22.16,In stock (15 available)
189,Full Moon over Noah’s Ark: An Odyssey to Mount Ararat and Beyond,Travel,Four,£49.43,In stock (15 available)
190,Frostbite (Vampire Academy #2),Young Adult,Five,£29.99,In stock (15 available)
191,Follow You Home,Horror,One,£21.36,In stock (15 available)
192,First Steps for New Christians (Print Edition),Default,One,£29.00,In stock (15 available)
193,Finders Keepers (Bill Hodges Trilogy #2),Fiction,Five,£53.53,In stock (15 available)
194,"Fables, Vol. 1: Legends in Exile (Fables #1)",Sequential Art,Four,£41.62,In stock (15 available)
195,Eureka Trivia 6.0,Default,Four,£54.59,In stock (15 available)
196,Drive: The Surprising Truth About What Motivates Us,Default,Four,£34.95,In stock (15 available)
197,Done Rubbed Out (Reightman & Bailey #1),Default,Five,£37.72,In stock (15 available)
198,Doing It Over (Most Likely To #1),Romance,Three,£35.61,In stock (15 available)
199,"Deliciously Ella Every Day: Quick and Easy Recipes for Gluten-Free Snacks, Packed Lunches, and Simple Meals",Food and Drink,Three,£42.16,In stock (15 available)
200,Dark Notes,Erotica,Five,£19.19,In stock (15 available)
201,"Daring Greatly: How the Courage to Be Vulnerable Transforms the Way We Live, Love, Parent, and Lead",Nonfiction,Three,£19.43,In stock (15 available)
202,Close to You,Christian Fiction,Four,£49.46,In stock (15 available)
203,Chasing Heaven: What Dying Taught Me About Living,Spirituality,Two,£37.80,In stock (15 available)
204,Big Magic: Creative Living Beyond Fear,Nonfiction,Three,£30.80,In stock (15 available)
205,Becoming Wise: An Inquiry into the Mystery and Art of Living,Nonfiction,Two,£27.43,In stock (15 available)
206,Beauty Restored (Riley Family Legacy Novellas #3),Default,Two,£11.11,In stock (15 available)
207,Batman: The Long Halloween (Batman),Sequential Art,Two,£36.50,In stock (15 available)
208,Batman: The Dark Knight Returns (Batman),Sequential Art,Five,£15.38,In stock (15 available)
209,Ayumi's Violin,Default,Two,£15.48,In stock (15 available)
210,Anonymous,Default,Four,£46.82,In stock (15 available)
211,Amy Meets the Saints and Sages,Default,Three,£18.46,In stock (15 available)
212,Amid the Chaos,Cultural,One,£36.58,In stock (15 available)
213,Amatus,Default,Five,£50.54,In stock (15 available)
214,Agnostic: A Spirited Manifesto,Nonfiction,Five,£12.51,In stock (15 available)
215,Zealot: The Life and Times of Jesus of Nazareth,History,Three,£24.70,In stock (14 available)
216,You (You #1),Thriller,Five,£43.61,In stock (14 available)
217,"Wonder Woman: Earth One, Volume One (Wonder Woman: Earth One #1)",Sequential Art,Four,£37.34,In stock (14 available)
218,Wild Swans,Young Adult,Two,£14.36,In stock (14 available)
219,Why the Right Went Wrong: Conservatism--From Goldwater to the Tea Party and Beyond,Politics,Four,£52.65,In stock (14 available)
220,Whole Lotta Creativity Going On: 60 Fun and Unusual Exercises to Awaken and Strengthen Your Creativity,Nonfiction,Four,£38.20,In stock (14 available)
221,What's It Like in Space?: Stories from Astronauts Who've Been There,Nonfiction,Two,£19.60,In stock (14 available)
222,"We Are Robin, Vol. 1: The Vigilante Business (We Are Robin #1)",Sequential Art,One,£53.90,In stock (14 available)
223,Walt Disney's Alice in Wonderland,Childrens,Five,£12.96,In stock (14 available)
224,V for Vendetta (V for Vendetta Complete),Default,Four,£37.10,In stock (14 available)
225,Until Friday Night (The Field Party #1),Young Adult,Two,£46.31,In stock (14 available)
226,"Unbroken: A World War II Story of Survival, Resilience, and Redemption",Default,Two,£45.95,In stock (14 available)
227,Twenty Yawns,Childrens,Two,£22.08,In stock (14 available)
228,Through the Woods,Sequential Art,Two,£25.38,In stock (14 available)
229,This Is Where It Ends,Young Adult,Two,£27.12,In stock (14 available)
230,The Year of Magical Thinking,Nonfiction,Two,£43.04,In stock (14 available)
231,The Wright Brothers,Default,Four,£56.80,In stock (14 available)
232,The White Queen (The Cousins' War #1),Add a comment,Five,£25.91,In stock (14 available)
233,The Wedding Pact (The O'Malleys #2),Romance,Three,£32.61,In stock (14 available)
234,The Time Keeper,Fiction,Five,£27.88,In stock (14 available)
235,The Testament of Mary,Fiction,Four,£52.67,In stock (14 available)
236,The Star-Touched Queen,Fantasy,Five,£46.02,In stock (14 available)
237,The Songs of the Gods,Default,Five,£44.48,In stock (14 available)
238,The Song of Achilles,Add a comment,Five,£37.40,In stock (14 available)
239,The Rosie Project (Don Tillman #1),Default,One,£54.04,In stock (14 available)
240,The Power of Habit: Why We Do What We Do in Life and Business,Default,Three,£16.88,In stock (14 available)
241,The Marriage of Opposites,Historical Fiction,Four,£28.08,In stock (14 available)
242,The Lucifer Effect: Understanding How Good People Turn Evil,Psychology,One,£10.40,In stock (14 available)
243,The Long Haul (Diary of a Wimpy Kid #9),Humor,One,£44.07,In stock (14 available)
244,The Loney,Horror,One,£23.40,In stock (14 available)
245,The Literature Book (Big Ideas Simply Explained),Nonfiction,Three,£17.43,In stock (14 available)
246,The Last Mile (Amos Decker #2),Mystery,Two,£54.21,In stock (14 available)
247,The Immortal Life of Henrietta Lacks,Add a comment,Two,£40.67,In stock (14 available)
248,The Hidden Oracle (The Trials of Apollo #1),Fantasy,Two,£52.26,In stock (14 available)
249,The Help Yourself Cookbook for Kids: 60 Easy Plant-Based Recipes Kids Can Make to Stay Healthy and Save the Earth,Food and Drink,Three,£28.77,In stock (14 available)
250,The Guilty (Will Robie #4),Thriller,Two,£13.82,In stock (14 available)
251,The First Hostage (J.B. Collins #2),Fiction,Three,£25.85,In stock (14 available)
252,The Dovekeepers,Add a comment,One,£48.78,In stock (14 available)
253,The Darkest Lie,Young Adult,Five,£35.35,In stock (14 available)
254,The Bane Chronicles (The Bane Chronicles #1-11),Fantasy,Four,£44.73,In stock (14 available)
255,The Bad-Ass Librarians of Timbuktu: And Their Race to Save the World’s Most Precious Manuscripts,Nonfiction,One,£15.77,In stock (14 available)
256,The 14th Colony (Cotton Malone #11),Thriller,One,£39.24,In stock (14 available)
257,That Darkness (Gardiner and Renner #1),Mystery,One,£13.92,In stock (14 available)
258,Tastes Like Fear (DI Marnie Rome #3),Mystery,One,£10.69,In stock (14 available)
259,Take Me with You,Fiction,Three,£45.21,In stock (14 available)
260,Swell: A Year of Waves,Nonfiction,One,£45.58,In stock (14 available)
261,Superman Vol. 1: Before Truth (Superman by Gene Luen Yang #1),Sequential Art,Five,£11.89,In stock (14 available)
262,Still Life with Bread Crumbs,Fiction,Three,£26.41,In stock (14 available)
263,Steve Jobs,Default,Five,£39.50,In stock (14 available)
264,Sorting the Beef from the Bull: The Science of Food Fraud Forensics,Science,Four,£44.74,In stock (14 available)
265,Someone Like You (The Harrisons #2),Contemporary,Five,£52.79,In stock (14 available)
266,"So Cute It Hurts!!, Vol. 6 (So Cute It Hurts!! #6)",Sequential Art,Four,£35.43,In stock (14 available)
267,Shtum,Fiction,Four,£55.84,In stock (14 available)
268,See America: A Celebration of Our National Parks & Treasured Sites,Travel,Three,£48.87,In stock (14 available)
269,salt.,Poetry,Four,£46.78,In stock (14 available)
270,Robin War,Sequential Art,Three,£47.82,In stock (14 available)
271,"Red Hood/Arsenal, Vol. 1: Open for Business (Red Hood/Arsenal #1)",Sequential Art,Two,£25.48,In stock (14 available)
272,Rain Fish,Childrens,Three,£23.57,In stock (14 available)
273,"Quarter Life Poetry: Poems for the Young, Broke and Hangry",Poetry,Five,£50.89,In stock (14 available)
274,Pet Sematary,Horror,Three,£10.56,In stock (14 available)
275,"Overload: How to Unplug, Unwind, and Unleash Yourself from the Pressure of Stress",Self Help,Three,£52.15,In stock (14 available)
276,Once Was a Time,Childrens,Two,£18.28,In stock (14 available)
277,Old School (Diary of a Wimpy Kid #10),Humor,Five,£11.83,In stock (14 available)
278,No Dream Is Too High: Life Lessons From a Man Who Walked on the Moon,Nonfiction,Two,£21.95,In stock (14 available)
279,"Naruto (3-in-1 Edition), Vol. 14: Includes Vols. 40, 41 & 42 (Naruto: Omnibus #14)",Sequential Art,Two,£38.39,In stock (14 available)
280,My Name Is Lucy Barton,Fiction,One,£41.56,In stock (14 available)
281,My Mrs. Brown,Fiction,Three,£24.48,In stock (14 available)
282,My Kind of Crazy,Young Adult,One,£40.36,In stock (14 available)
283,Mr. Mercedes (Bill Hodges Trilogy #1),Fiction,One,£28.90,In stock (14 available)
284,More Than Music (Chasing the Dream #1),Add a comment,Two,£37.61,In stock (14 available)
285,Made to Stick: Why Some Ideas Survive and Others Die,Business,Five,£38.85,In stock (14 available)
286,Luis Paints the World,Childrens,Three,£53.95,In stock (14 available)
287,Luckiest Girl Alive,Default,Three,£49.83,In stock (14 available)
288,Lowriders to the Center of the Earth (Lowriders in Space #2),Sequential Art,Two,£51.51,In stock (14 available)
289,Love Is a Mix Tape (Music #1),Music,One,£18.03,In stock (14 available)
290,Looking for Lovely: Collecting the Moments that Matter,Nonfiction,Five,£29.14,In stock (14 available)
291,"Living Leadership by Insight: A Good Leader Achieves, a Great Leader Builds Monuments",Default,Four,£46.91,In stock (14 available)
292,Let It Out: A Journey Through Journaling,Nonfiction,Five,£26.79,In stock (14 available)
293,Lady Midnight (The Dark Artifices #1),Default,Five,£16.28,In stock (14 available)
294,"It's All Easy: Healthy, Delicious Weeknight Meals in under 30 Minutes",Food and Drink,One,£19.55,In stock (14 available)
295,Island of Dragons (Unwanteds #7),Fantasy,One,£29.65,In stock (14 available)
296,I Know What I'm Doing -- and Other Lies I Tell Myself: Dispatches from a Life Under Construction,Humor,Four,£25.98,In stock (14 available)
297,I Am Pilgrim (Pilgrim #1),Fiction,Four,£10.60,In stock (14 available)
298,"Hyperbole and a Half: Unfortunate Situations, Flawed Coping Mechanisms, Mayhem, and Other Things That Happened",Humor,Five,£14.75,In stock (14 available)
299,"Hush, Hush (Hush, Hush #1)",Default,Three,£47.02,In stock (14 available)
300,Hold Your Breath (Search and Rescue #1),Romance,One,£28.82,In stock (14 available)
301,Hamilton: The Revolution,Nonfiction,Three,£58.79,In stock (14 available)
302,Greek Mythic History,Default,Five,£10.23,In stock (14 available)
303,God: The Most Unpleasant Character in All Fiction,Religion,Five,£30.03,In stock (14 available)
304,Glory over Everything: Beyond The Kitchen House,Historical Fiction,Three,£45.84,In stock (14 available)
305,Feathers: Displays of Brilliant Plumage,Art,Three,£49.05,In stock (14 available)
306,"Far & Away: Places on the Brink of Change: Seven Continents, Twenty-Five Years",Nonfiction,Four,£15.06,In stock (14 available)
307,Every Last Word,Default,Three,£46.47,In stock (14 available)
308,Eligible (The Austen Project #4),Fiction,Three,£27.09,In stock (14 available)
309,El Deafo,Sequential Art,Five,£57.62,In stock (14 available)
310,Eight Hundred Grapes,Fiction,Four,£14.39,In stock (14 available)
311,"Eaternity: More than 150 Deliciously Easy Vegan Recipes for a Long, Healthy, Satisfied, Joyful Life",Nonfiction,Five,£51.75,In stock (14 available)
312,"Eat Fat, Get Thin",Health,Two,£54.07,In stock (14 available)
313,Don't Get Caught,Young Adult,One,£55.35,In stock (14 available)
314,Doctor Sleep (The Shining #2),Horror,Two,£40.12,In stock (14 available)
315,Demigods & Magicians: Percy and Annabeth Meet the Kanes (Percy Jackson & Kane Chronicles Crossover #1-3),Fantasy,Five,£37.51,In stock (14 available)
316,Dear Mr. Knightley,Fiction,Five,£11.21,In stock (14 available)
317,Daily Fantasy Sports,Default,One,£36.58,In stock (14 available)
318,Crazy Love: Overwhelmed by a Relentless God,Christian,Two,£47.72,In stock (14 available)
319,Cometh the Hour (The Clifton Chronicles #6),Fiction,Three,£25.01,In stock (14 available)
320,Code Name Verity (Code Name Verity #1),Add a comment,Four,£22.13,In stock (14 available)
321,Clockwork Angel (The Infernal Devices #1),Default,One,£44.14,In stock (14 available)
322,City of Glass (The Mortal Instruments #3),Fantasy,Four,£56.02,In stock (14 available)
323,City of Fallen Angels (The Mortal Instruments #4),Default,Four,£11.23,In stock (14 available)
324,City of Bones (The Mortal Instruments #1),Default,One,£43.28,In stock (14 available)
325,City of Ashes (The Mortal Instruments #2),Default,One,£47.27,In stock (14 available)
326,Cell,Add a comment,Four,£20.29,In stock (14 available)
327,Catching Jordan (Hundred Oaks),Young Adult,Three,£50.83,In stock (14 available)
328,"Carry On, Warrior: Thoughts on Life Unarmed",Default,Three,£31.85,In stock (14 available)
329,Carrie,Default,Two,£46.23,In stock (14 available)
330,Buying In: The Secret Dialogue Between What We Buy and Who We Are,Nonfiction,Four,£37.80,In stock (14 available)
331,Brain on Fire: My Month of Madness,Nonfiction,Five,£49.32,In stock (14 available)
332,Batman: Europa,Sequential Art,Two,£32.01,In stock (14 available)
333,Barefoot Contessa Back to Basics,Food and Drink,One,£28.01,In stock (14 available)
334,Barefoot Contessa at Home: Everyday Recipes You'll Make Over and Over Again,Food and Drink,Five,£50.62,In stock (14 available)
335,Balloon Animals,Fiction,Three,£17.03,In stock (14 available)
336,Art Ops Vol. 1,Sequential Art,Three,£48.80,In stock (14 available)
337,Aristotle and Dante Discover the Secrets of the Universe (Aristotle and Dante Discover the Secrets of the Universe #1),Young Adult,Four,£58.14,In stock (14 available)
338,Angels Walking (Angels Walking #1),Add a comment,Two,£34.20,In stock (14 available)
339,Angels & Demons (Robert Langdon #1),Default,Three,£51.48,In stock (14 available)
340,All the Light We Cannot See,Historical,Five,£29.87,In stock (14 available)
341,"Adulthood Is a Myth: A ""Sarah's Scribbles"" Collection",Sequential Art,Two,£10.90,In stock (14 available)
342,Abstract City,Nonfiction,Five,£56.37,In stock (14 available)
343,A Time of Torment (Charlie Parker #14),Mystery,Five,£48.35,In stock (14 available)
344,A Study in Scarlet (Sherlock Holmes #1),Mystery,Two,£16.73,In stock (14 available)
345,"A Series of Catastrophes and Miracles: A True Story of Love, Science, and Cancer",Add a comment,Two,£56.48,In stock (14 available)
346,A People's History of the United States,Add a comment,Two,£40.79,In stock (14 available)
347,A Man Called Ove,Fiction,One,£39.72,In stock (14 available)
348,A Distant Mirror: The Calamitous 14th Century,History,Three,£14.58,In stock (14 available)
349,A Brush of Wings (Angels Walking #3),Add a comment,One,£55.51,In stock (14 available)
350,1491: New Revelations of the Americas Before Columbus,History,Three,£21.80,In stock (14 available)
351,"The Three Searches, Meaning, and the Story",Default,Three,£13.33,In stock (13 available)
352,Searching for Meaning in Gailana,Fantasy,One,£38.73,In stock (13 available)
353,Rook,Add a comment,Four,£37.86,In stock (13 available)
354,My Kitchen Year: 136 Recipes That Saved My Life,Food and Drink,Two,£11.53,In stock (13 available)
355,13 Hours: The Inside Account of What Really Happened In Benghazi,Nonfiction,One,£27.06,In stock (13 available)
356,Will You Won't You Want Me?,Womens Fiction,Three,£13.86,In stock (12 available)
357,Tipping Point for Planet Earth: How Close Are We to the Edge?,Science,One,£37.55,In stock (12 available)
358,The Star-Touched Queen,Fantasy,Five,£32.30,In stock (12 available)
359,The Silent Sister (Riley MacPherson #1),Fiction,Five,£46.29,In stock (12 available)
360,The Midnight Watch: A Novel of the Titanic and the Californian,Add a comment,One,£26.20,In stock (12 available)
361,The Lonely City: Adventures in the Art of Being Alone,Nonfiction,Two,£33.26,In stock (12 available)
362,The Gray Rhino: How to Recognize and Act on the Obvious Dangers We Ignore,Add a comment,Four,£59.15,In stock (12 available)
363,The Golden Condom: And Other Essays on Love Lost and Found,Psychology,One,£39.43,In stock (12 available)
364,The Epidemic (The Program 0.6),Young Adult,Five,£14.44,In stock (12 available)
365,The Dinner Party,Fiction,Two,£56.54,In stock (12 available)
366,The Diary of a Young Girl,Nonfiction,Three,£59.90,In stock (12 available)
367,The Children,Add a comment,Three,£11.88,In stock (12 available)
368,Stars Above (The Lunar Chronicles #4.5),Young Adult,Two,£48.05,In stock (12 available)
369,Snatched: How A Drug Queen Went Undercover for the DEA and Was Kidnapped By Colombian Guerillas,Nonfiction,Three,£21.21,In stock (12 available)
370,Raspberry Pi Electronics Projects for the Evil Genius,Default,Four,£49.67,In stock (12 available)
371,Quench Your Own Thirst: Business Lessons Learned Over a Beer or Two,Business,One,£43.14,In stock (12 available)
372,Psycho: Sanitarium (Psycho #1.5),Horror,Five,£36.97,In stock (12 available)
373,Poisonous (Max Revere Novels #3),Mystery,Three,£26.80,In stock (12 available)
374,One with You (Crossfire #5),Add a comment,Four,£15.71,In stock (12 available)
375,No Love Allowed (Dodge Cove #1),Young Adult,Four,£54.65,In stock (12 available)
376,Murder at the 42nd Street Library (Raymond Ambler #1),Mystery,Four,£54.36,In stock (12 available)
377,Most Wanted,Mystery,Three,£35.28,In stock (12 available)
378,"Love, Lies and Spies",Historical Fiction,Two,£20.55,In stock (12 available)
379,How to Speak Golf: An Illustrated Guide to Links Lingo,Default,Five,£58.32,In stock (12 available)
380,Hide Away (Eve Duncan #20),Mystery,One,£11.84,In stock (12 available)
381,Furiously Happy: A Funny Book About Horrible Things,Nonfiction,Four,£41.46,In stock (12 available)
382,Everyday Italian: 125 Simple and Delicious Recipes,Food and Drink,Five,£20.10,In stock (12 available)
383,Equal Is Unfair: America's Misguided Fight Against Income Inequality,Politics,One,£56.86,In stock (12 available)
384,Eleanor & Park,Default,Five,£56.51,In stock (12 available)
385,Dirty (Dive Bar #1),Romance,Four,£40.83,In stock (12 available)
386,Can You Keep a Secret? (Fear Street Relaunch #4),Horror,One,£48.64,In stock (12 available)
387,Boar Island (Anna Pigeon #19),Mystery,Three,£59.48,In stock (12 available)
388,A Paris Apartment,Historical Fiction,Four,£39.01,In stock (12 available)
389,"A la Mode: 120 Recipes in 60 Pairings: Pies, Tarts, Cakes, Crisps, and More Topped with Ice Cream, Gelato, Frozen Custard, and More",Food and Drink,One,£38.77,In stock (12 available)
390,Troublemaker: Surviving Hollywood and Scientology,Default,Two,£48.39,In stock (11 available)
391,The Widow,Mystery,Two,£27.26,In stock (11 available)
392,"The Sleep Revolution: Transforming Your Life, One Night at a Time",Nonfiction,Four,£11.68,In stock (11 available)
393,The Improbability of Love,Fiction,One,£59.45,In stock (11 available)
394,The Art of Startup Fundraising,Business,Three,£21.00,In stock (11 available)
395,Take Me Home Tonight (Rock Star Romance #3),Romance,Three,£53.98,In stock (11 available)
396,Sleeping Giants (Themis Files #1),Science Fiction,One,£48.74,In stock (11 available)
397,"Setting the World on Fire: The Brief, Astonishing Life of St. Catherine of Siena",Biography,Two,£21.15,In stock (11 available)
398,Playing with Fire,Mystery,Three,£13.71,In stock (11 available)
399,Off the Hook (Fishing for Trouble #1),Romance,Three,£47.67,In stock (11 available)
400,Mothering Sunday,Fiction,Two,£13.34,In stock (11 available)
401,"Mother, Can You Not?",Nonfiction,Five,£16.89,In stock (11 available)
402,M Train,Autobiography,One,£27.18,In stock (11 available)
403,Lilac Girls,Historical Fiction,Two,£17.28,In stock (11 available)
404,Lies and Other Acts of Love,Fiction,One,£45.14,In stock (11 available)
405,Lab Girl,Autobiography,One,£40.85,In stock (11 available)
406,Keep Me Posted,Womens Fiction,Four,£20.46,In stock (11 available)
407,It Didn't Start with You: How Inherited Family Trauma Shapes Who We Are and How to End the Cycle,Psychology,Three,£56.27,In stock (11 available)
408,Grey (Fifty Shades #4),Womens Fiction,Four,£48.49,In stock (11 available)
409,"Exit, Pursued by a Bear",Young Adult,Four,£51.34,In stock (11 available)
410,Daredevils,Fiction,Three,£16.34,In stock (11 available)
411,Cravings: Recipes for What You Want to Eat,Food and Drink,Three,£20.50,In stock (11 available)
412,Born for This: How to Find the Work You Were Meant to Do,Business,Five,£21.59,In stock (11 available)
413,Arena,Science Fiction,Four,£21.36,In stock (11 available)
414,Adultery,Default,Five,£20.88,In stock (11 available)
415,A Mother's Reckoning: Living in the Aftermath of Tragedy,Nonfiction,Three,£19.53,In stock (11 available)
416,A Gentleman's Position (Society of Gentlemen #3),Romance,Five,£14.75,In stock (11 available)
417,11/22/63,Fiction,Three,£48.48,In stock (11 available)
418,"10% Happier: How I Tamed the Voice in My Head, Reduced Stress Without Losing My Edge, and Found Self-Help That Actually Works",Nonfiction,Two,£24.57,In stock (10 available)
419,10-Day Green Smoothie Cleanse: Lose Up to 15 Pounds in 10 Days!,Health,Five,£49.71,In stock (10 available)
420,Without Shame,Add a comment,Five,£48.27,In stock (9 available)
421,Watchmen,Add a comment,Four,£58.05,In stock (9 available)
422,Unlimited Intuition Now,Default,Four,£58.87,In stock (9 available)
423,Underlying Notes,Default,Two,£11.82,In stock (9 available)
424,The Shack,Fiction,One,£28.03,In stock (9 available)
425,The New Brand You: Your New Image Makes the Sale for You,Default,Five,£44.05,In stock (9 available)
426,"The Moosewood Cookbook: Recipes from Moosewood Restaurant, Ithaca, New York",Food and Drink,Four,£12.34,In stock (9 available)
427,The Flowers Lied,Default,Two,£16.68,In stock (9 available)
428,"The Fabric of the Cosmos: Space, Time, and the Texture of Reality",Science,One,£55.91,In stock (9 available)
429,The Book of Mormon,Religion,Three,£24.57,In stock (9 available)
430,The Art and Science of Low Carbohydrate Living,Health,Five,£52.98,In stock (9 available)
431,The Alien Club,Young Adult,One,£54.40,In stock (9 available)
432,Suzie Snowflake: One beautiful flake (a self-esteem story),Novels,Five,£54.81,In stock (9 available)
433,Nap-a-Roo,Childrens,One,£25.08,In stock (9 available)
434,"NaNo What Now? Finding your editing process, revising your NaNoWriMo book and building a writing career through publishing and beyond",Default,Four,£10.41,In stock (9 available)
435,Modern Day Fables,Default,Two,£47.44,In stock (9 available)
436,If I Gave You God's Phone Number....: Searching for Spirituality in America,Spirituality,One,£20.91,In stock (9 available)
437,"Fruits Basket, Vol. 9 (Fruits Basket #9)",Sequential Art,Four,£33.95,In stock (9 available)
438,Dress Your Family in Corduroy and Denim,Humor,Three,£43.68,In stock (9 available)
439,Don't Forget Steven,Young Adult,One,£33.23,In stock (9 available)
440,Chernobyl 01:23:40: The Incredible True Story of the World's Worst Nuclear Disaster,Nonfiction,Two,£35.92,In stock (9 available)
441,Art and Fear: Observations on the Perils (and Rewards) of Artmaking,Art,Four,£48.63,In stock (9 available)
442,A Shard of Ice (The Black Symphony Saga #1),Fantasy,Three,£56.63,In stock (9 available)
443,A Hero's Curse (The Unseen Chronicles #1),Add a comment,Three,£50.49,In stock (9 available)
444,23 Degrees South: A Tropical Tale of Changing Whether...,Add a comment,Two,£35.79,In stock (9 available)
445,"Zero to One: Notes on Startups, or How to Build the Future",Nonfiction,Three,£34.06,In stock (8 available)
446,Why Not Me?,Nonfiction,One,£17.76,In stock (8 available)
447,When Breath Becomes Air,Nonfiction,Two,£39.36,In stock (8 available)
448,Vagabonding: An Uncommon Guide to the Art of Long-Term World Travel,Travel,Two,£36.94,In stock (8 available)
449,The Unlikely Pilgrimage of Harold Fry (Harold Fry #1),Default,Five,£43.62,In stock (8 available)
450,The New Drawing on the Right Side of the Brain,Art,Three,£43.02,In stock (8 available)
451,"The Midnight Assassin: Panic, Scandal, and the Hunt for America's First Serial Killer",Nonfiction,Four,£28.45,In stock (8 available)
452,The Martian (The Martian #1),Default,Two,£41.39,In stock (8 available)
453,The High Mountains of Portugal,Fiction,One,£51.15,In stock (8 available)
454,The Grownup,Short Stories,One,£35.88,In stock (8 available)
455,The E-Myth Revisited: Why Most Small Businesses Don't Work and What to Do About It,Business,One,£36.91,In stock (8 available)
456,South of Sunshine,Young Adult,One,£28.93,In stock (8 available)
457,Smarter Faster Better: The Secrets of Being Productive in Life and Business,Nonfiction,Five,£38.89,In stock (8 available)
458,Silence in the Dark (Logan Point #4),Suspense,Three,£58.33,In stock (8 available)
459,Shadows of the Past (Logan Point #1),Christian Fiction,Five,£39.67,In stock (8 available)
460,Roller Girl,Sequential Art,Five,£14.10,In stock (8 available)
461,Rising Strong,Nonfiction,Three,£21.82,In stock (8 available)
462,Proofs of God: Classical Arguments from Tertullian to Barth,Philosophy,One,£54.21,In stock (8 available)
463,Please Kill Me: The Uncensored Oral History of Punk,Music,Four,£31.19,In stock (8 available)
464,Out of Print: City Lights Spotlight No. 14,Poetry,Five,£53.64,In stock (8 available)
465,My Life Next Door (My Life Next Door ),Young Adult,Five,£36.39,In stock (8 available)
466,Miller's Valley,Fiction,Two,£58.54,In stock (8 available)
467,Man's Search for Meaning,Nonfiction,Three,£29.48,In stock (8 available)
468,"Love That Boy: What Two Presidents, Eight Road Trips, and My Son Taught Me About a Parent's Expectations",Nonfiction,Two,£25.06,In stock (8 available)
469,Living Forward: A Proven Plan to Stop Drifting and Get the Life You Want,Nonfiction,Three,£12.55,In stock (8 available)
470,Les Fleurs du Mal,Poetry,Five,£29.04,In stock (8 available)
471,Left Behind (Left Behind #1),Default,Two,£40.72,In stock (8 available)
472,Kill 'Em and Leave: Searching for James Brown and the American Soul,Music,Five,£45.05,In stock (8 available)
473,Kierkegaard: A Christian Missionary to Christians,Philosophy,One,£47.13,In stock (8 available)
474,John Vassos: Industrial Design for Modern Life,Default,Four,£20.22,In stock (8 available)
475,I'll Give You the Sun,Default,One,£56.48,In stock (8 available)
476,I Will Find You,Nonfiction,One,£44.21,In stock (8 available)
477,Hystopia: A Novel,Fiction,Four,£21.96,In stock (8 available)
478,Howl and Other Poems,Poetry,Two,£40.45,In stock (8 available)
479,History of Beauty,Art,Four,£10.29,In stock (8 available)
480,Heaven is for Real: A Little Boy's Astounding Story of His Trip to Heaven and Back,Default,Two,£52.86,In stock (8 available)
481,Future Shock (Future Shock #1),Young Adult,Five,£55.65,In stock (8 available)
482,Ender's Game (The Ender Quintet #1),Default,One,£43.64,In stock (8 available)
483,Diary of a Citizen Scientist: Chasing Tiger Beetles and Other New Ways of Engaging the World,Science,One,£28.41,In stock (8 available)
484,Death by Leisure: A Cautionary Tale,Default,Four,£37.51,In stock (8 available)
485,Brilliant Beacons: A History of the American Lighthouse,History,Three,£11.45,In stock (8 available)
486,Brazen: The Courage to Find the You That's Been Hiding,Nonfiction,Two,£19.22,In stock (8 available)
487,Between the World and Me,Nonfiction,Four,£56.91,In stock (8 available)
488,Being Mortal: Medicine and What Matters in the End,Nonfiction,Four,£55.06,In stock (8 available)
489,"A Murder Over a Girl: Justice, Gender, Junior High",Nonfiction,Three,£13.20,In stock (8 available)
490,32 Yolks,Food and Drink,Two,£53.63,In stock (8 available)
491,"""Most Blessed of the Patriarchs"": Thomas Jefferson and the Empire of the Imagination",History,Five,£44.48,In stock (8 available)
492,You Are a Badass: How to Stop Doubting Your Greatness and Start Living an Awesome Life,Self Help,Three,£12.08,In stock (7 available)
493,Wildlife of New York: A Five-Borough Coloring Book,Default,Two,£22.14,In stock (7 available)
494,What Happened on Beale Street (Secrets of the South Mysteries #2),Mystery,Five,£25.37,In stock (7 available)
495,Unreasonable Hope: Finding Faith in the God Who Brings Purpose to Your Pain,Spirituality,Two,£46.33,In stock (7 available)
496,Under the Tuscan Sun,Travel,Three,£37.33,In stock (7 available)
497,Toddlers Are A**holes: It's Not Your Fault,Humor,One,£25.55,In stock (7 available)
498,The Year of Living Biblically: One Man's Humble Quest to Follow the Bible as Literally as Possible,Default,One,£34.72,In stock (7 available)
499,The Whale,Childrens,Four,£35.96,In stock (7 available)
500,The Story of Art,Art,Four,£41.14,In stock (7 available)
501,The Origin of Species,Science,Four,£10.01,In stock (7 available)
502,The Great Gatsby,Default,Four,£36.05,In stock (7 available)
503,The Good Girl,Default,Three,£49.03,In stock (7 available)
504,The Glass Castle,Add a comment,One,£16.24,In stock (7 available)
505,The Faith of Christopher Hitchens: The Restless Soul of the World's Most Notorious Atheist,Biography,One,£39.55,In stock (7 available)
506,The Drowning Girls,Add a comment,Three,£35.67,In stock (7 available)
507,The Constant Princess (The Tudor Court #1),Historical Fiction,Three,£16.62,In stock (7 available)
508,The Bourne Identity (Jason Bourne #1),Fiction,Four,£42.78,In stock (7 available)
509,The Bachelor Girl's Guide to Murder (Herringford and Watts Mysteries #1),Mystery,Five,£52.30,In stock (7 available)
510,The Art Book,Art,Two,£32.34,In stock (7 available)
511,The 7 Habits of Highly Effective People: Powerful Lessons in Personal Change,Default,Four,£33.17,In stock (7 available)
512,Team of Rivals: The Political Genius of Abraham Lincoln,Add a comment,Five,£20.12,In stock (7 available)
513,Steal Like an Artist: 10 Things Nobody Told You About Being Creative,Default,Two,£20.90,In stock (7 available)
514,"Sit, Stay, Love",Romance,Three,£20.90,In stock (7 available)
515,Sister Dear,Fiction,Four,£40.20,In stock (7 available)
516,"Shrunken Treasures: Literary Classics, Short, Sweet, and Silly",Childrens,Three,£52.87,In stock (7 available)
517,"Rich Dad, Poor Dad",Business,One,£51.74,In stock (7 available)
518,Raymie Nightingale,Childrens,Two,£34.41,In stock (7 available)
519,Playing from the Heart,Childrens,One,£32.38,In stock (7 available)
520,Nightstruck: A Novel,Young Adult,Four,£50.35,In stock (7 available)
521,"Naturally Lean: 125 Nourishing Gluten-Free, Plant-Based Recipes--All Under 300 Calories",Food and Drink,Five,£11.38,In stock (7 available)
522,Meternity,Womens Fiction,Three,£43.58,In stock (7 available)
523,Memoirs of a Geisha,Fiction,Three,£49.67,In stock (7 available)
524,Like Never Before (Walker Family #2),Christian Fiction,Two,£28.77,In stock (7 available)
525,Life of Pi,Default,Four,£13.22,In stock (7 available)
526,Leave This Song Behind: Teen Poetry at Its Best,Poetry,Five,£51.17,In stock (7 available)
527,King's Folly (The Kinsman Chronicles #1),Fantasy,Five,£39.61,In stock (7 available)
528,John Adams,Add a comment,Four,£57.43,In stock (7 available)
529,How to Cook Everything Vegetarian: Simple Meatless Recipes for Great Food (How to Cook Everything),Food and Drink,Four,£46.01,In stock (7 available)
530,How to Be a Domestic Goddess: Baking and the Art of Comfort Cooking,Food and Drink,Two,£28.25,In stock (7 available)
531,Good in Bed (Cannie Shapiro #1),Add a comment,Five,£37.05,In stock (7 available)
532,"Fruits Basket, Vol. 7 (Fruits Basket #7)",Sequential Art,One,£19.57,In stock (7 available)
533,For the Love: Fighting for Grace in a World of Impossible Standards,Nonfiction,Three,£45.13,In stock (7 available)
534,Finding God in the Ruins: How God Redeems Pain,Nonfiction,Two,£46.64,In stock (7 available)
535,Every Heart a Doorway (Every Heart A Doorway #1),Fantasy,Five,£12.16,In stock (7 available)
536,Delivering the Truth (Quaker Midwife Mystery #1),Mystery,Four,£20.89,In stock (7 available)
537,Counted With the Stars (Out from Egypt #1),Christian Fiction,Five,£17.97,In stock (7 available)
538,"Chronicles, Vol. 1",Music,Two,£52.60,In stock (7 available)
539,Blue Like Jazz: Nonreligious Thoughts on Christian Spirituality,Christian,One,£25.77,In stock (7 available)
540,Benjamin Franklin: An American Life,Biography,Three,£48.19,In stock (7 available)
541,"At The Existentialist Café: Freedom, Being, and apricot cocktails with: Jean-Paul Sartre, Simone de Beauvoir, Albert Camus, Martin Heidegger, Edmund Husserl, Karl Jaspers, Maurice Merleau-Ponty and others",Philosophy,Five,£29.93,In stock (7 available)
542,A Summer In Europe,Travel,Two,£44.34,In stock (7 available)
543,A Short History of Nearly Everything,History,Five,£52.40,In stock (7 available)
544,A Gathering of Shadows (Shades of Magic #2),Fantasy,Four,£44.81,In stock (7 available)
545,The Sound Of Love,Default,Five,£57.84,In stock (6 available)
546,The Rise and Fall of the Third Reich: A History of Nazi Germany,History,Two,£39.67,In stock (6 available)
547,The Perks of Being a Wallflower,Default,Three,£55.02,In stock (6 available)
548,The Mysterious Affair at Styles (Hercule Poirot #1),Mystery,Four,£24.80,In stock (6 available)
549,The Man Who Mistook His Wife for a Hat and Other Clinical Tales,Nonfiction,Four,£59.45,In stock (6 available)
550,The Makings of a Fatherless Child,Default,Two,£31.58,In stock (6 available)
551,The Joy of Cooking,Add a comment,Four,£43.27,In stock (6 available)
552,The Invention of Wings,Historical Fiction,One,£37.34,In stock (6 available)
553,The Hobbit (Middle-Earth Universe),Default,Five,£17.80,In stock (6 available)
554,The Great Railway Bazaar,Travel,One,£30.54,In stock (6 available)
555,The Golden Compass (His Dark Materials #1),Add a comment,One,£18.77,In stock (6 available)
556,The God Delusion,Add a comment,Three,£46.85,In stock (6 available)
557,The Girl You Left Behind (The Girl You Left Behind #1),Historical,One,£15.79,In stock (6 available)
558,The Fellowship of the Ring (The Lord of the Rings #1),Default,Two,£10.27,In stock (6 available)
559,The Collected Poems of W.B. Yeats (The Collected Works of W.B. Yeats #1),Poetry,Five,£15.42,In stock (6 available)
560,The Barefoot Contessa Cookbook,Food and Drink,Five,£59.92,In stock (6 available)
561,Tell the Wolves I'm Home,Young Adult,Two,£50.96,In stock (6 available)
562,Ship Leaves Harbor: Essays on Travel by a Recovering Journeyman,Default,Three,£30.60,In stock (6 available)
563,Pride and Prejudice,Add a comment,Four,£19.27,In stock (6 available)
564,Musicophilia: Tales of Music and the Brain,Default,One,£46.58,In stock (6 available)
565,Mere Christianity,Add a comment,Three,£48.51,In stock (6 available)
566,Me Before You (Me Before You #1),Fiction,One,£19.02,In stock (6 available)
567,In the Woods (Dublin Murder Squad #1),Mystery,Two,£38.38,In stock (6 available)
568,In Cold Blood,Nonfiction,Four,£49.98,In stock (6 available)
569,How to Stop Worrying and Start Living,Self Help,Five,£46.49,In stock (6 available)
570,Give It Back,Thriller,Two,£18.32,In stock (6 available)
571,"Girl, Interrupted",Nonfiction,Three,£42.14,In stock (6 available)
572,Fun Home: A Family Tragicomic,Add a comment,Four,£56.59,In stock (6 available)
573,"Fruits Basket, Vol. 6 (Fruits Basket #6)",Sequential Art,Four,£20.96,In stock (6 available)
574,Deception Point,Fiction,Four,£40.32,In stock (6 available)
575,"Death Note, Vol. 6: Give-and-Take (Death Note #6)",Sequential Art,Three,£36.39,In stock (6 available)
576,Catherine the Great: Portrait of a Woman,History,Four,£58.55,In stock (6 available)
577,Better Homes and Gardens New Cook Book,Food and Drink,Three,£39.61,In stock (6 available)
578,An Unquiet Mind: A Memoir of Moods and Madness,Psychology,Three,£21.30,In stock (6 available)
579,A Year in Provence (Provence #1),Travel,Four,£56.88,In stock (6 available)
580,World Without End (The Pillars of the Earth #2),Historical Fiction,Four,£32.97,In stock (5 available)
581,"Will Grayson, Will Grayson (Will Grayson, Will Grayson)",Young Adult,Four,£47.31,In stock (5 available)
582,Why Save the Bankers?: And Other Essays on Our Economic and Political Crisis,Nonfiction,Two,£48.67,In stock (5 available)
583,Where She Went (If I Stay #2),Young Adult,Four,£41.73,In stock (5 available)
584,What If?: Serious Scientific Answers to Absurd Hypothetical Questions,Default,Four,£53.68,In stock (5 available)
585,Two Summers,Young Adult,One,£14.64,In stock (5 available)
586,This Is Your Brain on Music: The Science of a Human Obsession,Music,One,£38.40,In stock (5 available)
587,The Secret Garden,Classics,Four,£15.08,In stock (5 available)
588,The Raven King (The Raven Cycle #4),Add a comment,Two,£30.57,In stock (5 available)
589,The Raven Boys (The Raven Cycle #1),Fantasy,Four,£57.74,In stock (5 available)
590,The Power Greens Cookbook: 140 Delicious Superfood Recipes,Food and Drink,Five,£11.05,In stock (5 available)
591,The Metamorphosis,Classics,One,£28.58,In stock (5 available)
592,The Mathews Men: Seven Brothers and the War Against Hitler's U-boats,History,Five,£42.91,In stock (5 available)
593,The Little Paris Bookshop,Fiction,Three,£24.73,In stock (5 available)
594,The Hiding Place,History,Four,£55.91,In stock (5 available)
595,The Grand Design,Science,Three,£13.76,In stock (5 available)
596,The Firm,Fiction,Three,£45.56,In stock (5 available)
597,The Fault in Our Stars,Default,One,£47.22,In stock (5 available)
598,The False Prince (The Ascendance Trilogy #1),Fantasy,Five,£56.00,In stock (5 available)
599,The Expatriates,Fiction,Two,£44.58,In stock (5 available)
600,The Dream Thieves (The Raven Cycle #2),Default,One,£34.50,In stock (5 available)
601,The Darkest Corners,Young Adult,Five,£11.33,In stock (5 available)
602,The Crossover,Poetry,Four,£38.77,In stock (5 available)
603,The 5th Wave (The 5th Wave #1),Default,Two,£11.83,In stock (5 available)
604,Tell the Wind and Fire,Fantasy,Three,£45.51,In stock (5 available)
605,Tell Me Three Things,Young Adult,One,£41.81,In stock (5 available)
606,Talking to Girls About Duran Duran: One Young Man's Quest for True Love and a Cooler Haircut,Nonfiction,Four,£25.15,In stock (5 available)
607,Siddhartha,Fiction,Five,£34.22,In stock (5 available)
608,Shiver (The Wolves of Mercy Falls #1),Default,Five,£16.23,In stock (5 available)
609,Remember Me?,Default,Three,£11.48,In stock (5 available)
610,Red Dragon (Hannibal Lecter #1),Horror,Three,£23.37,In stock (5 available)
611,Peak: Secrets from the New Science of Expertise,Science,Two,£16.28,In stock (5 available)
612,My Mother Was Nuts,Nonfiction,Four,£31.63,In stock (5 available)
613,Mexican Today: New and Rediscovered Recipes for Contemporary Kitchens,Food and Drink,Five,£24.91,In stock (5 available)
614,Maybe Something Beautiful: How Art Transformed a Neighborhood,Childrens,One,£22.54,In stock (5 available)
615,Lola and the Boy Next Door (Anna and the French Kiss #2),Young Adult,Four,£23.63,In stock (5 available)
616,Logan Kade (Fallen Crest High #5.5),Academic,Two,£13.12,In stock (5 available)
617,Last One Home (New Beginnings #1),Fiction,Three,£59.98,In stock (5 available)
618,Killing Floor (Jack Reacher #1),Thriller,Four,£31.49,In stock (5 available)
619,Kill the Boy Band,Young Adult,Five,£15.52,In stock (5 available)
620,Isla and the Happily Ever After (Anna and the French Kiss #3),Young Adult,Five,£48.13,In stock (5 available)
621,If I Stay (If I Stay #1),Default,Five,£38.13,In stock (5 available)
622,I Know Why the Caged Bird Sings (Maya Angelou's Autobiography #1),Default,Two,£36.55,In stock (5 available)
623,Harry Potter and the Deathly Hallows (Harry Potter #7),Default,One,£23.32,In stock (5 available)
624,"Fruits Basket, Vol. 5 (Fruits Basket #5)",Sequential Art,One,£16.33,In stock (5 available)
625,Foundation (Foundation (Publication Order) #1),Science Fiction,One,£32.42,In stock (5 available)
626,Fool Me Once,Default,One,£16.96,In stock (5 available)
627,Find Her (Detective D.D. Warren #8),Add a comment,One,£22.37,In stock (5 available)
628,Evicted: Poverty and Profit in the American City,Add a comment,One,£42.27,In stock (5 available)
629,Drama,Default,Two,£38.70,In stock (5 available)
630,Dracula the Un-Dead,Horror,Five,£35.63,In stock (5 available)
631,Digital Fortress,Fiction,Five,£58.00,In stock (5 available)
632,"Death Note, Vol. 5: Whiteout (Death Note #5)",Sequential Art,One,£52.41,In stock (5 available)
633,"Data, A Love Story: How I Gamed Online Dating to Meet My Match",Nonfiction,Three,£32.35,In stock (5 available)
634,Critique of Pure Reason,Philosophy,One,£20.75,In stock (5 available)
635,Booked,Poetry,Five,£17.49,In stock (5 available)
636,"Blue Lily, Lily Blue (The Raven Cycle #3)",Default,Five,£34.13,In stock (5 available)
637,Approval Junkie: Adventures in Caring Too Much,Autobiography,Five,£58.81,In stock (5 available)
638,An Abundance of Katherines,Young Adult,Five,£10.00,In stock (5 available)
639,America's War for the Greater Middle East: A Military History,History,Two,£51.22,In stock (5 available)
640,Alight (The Generations Trilogy #2),Default,Four,£58.59,In stock (5 available)
641,A Girl's Guide to Moving On (New Beginnings #2),Romance,One,£31.30,In stock (5 available)
642,A Game of Thrones (A Song of Ice and Fire #1),Add a comment,Two,£46.42,In stock (5 available)
643,A Feast for Crows (A Song of Ice and Fire #4),Fantasy,Four,£17.21,In stock (5 available)
644,A Clash of Kings (A Song of Ice and Fire #2),Add a comment,Three,£10.79,In stock (5 available)
645,Vogue Colors A to Z: A Fashion Coloring Book,Default,Four,£52.35,In stock (4 available)
646,The Shining (The Shining #1),Default,Three,£27.88,In stock (4 available)
647,The Pilgrim's Progress,Classics,Two,£50.26,In stock (4 available)
648,The Perfect Play (Play by Play #1),Romance,Three,£59.99,In stock (4 available)
649,The Passion of Dolssa,Historical Fiction,Five,£28.32,In stock (4 available)
650,The Jazz of Physics: The Secret Link Between Music and the Structure of the Universe,Nonfiction,Three,£38.71,In stock (4 available)
651,The Hunger Games (The Hunger Games #1),Default,Five,£29.85,In stock (4 available)
652,The Hound of the Baskervilles (Sherlock Holmes #5),Classics,Two,£14.82,In stock (4 available)
653,The Gunning of America: Business and the Making of American Gun Culture,Nonfiction,Four,£16.81,In stock (4 available)
654,The Geography of Bliss: One Grump's Search for the Happiest Places in the World,Nonfiction,Two,£28.23,In stock (4 available)
655,The Demonists (Demonist #1),Fantasy,Two,£52.11,In stock (4 available)
656,"The Demon Prince of Momochi House, Vol. 4 (The Demon Prince of Momochi House #4)",Sequential Art,Two,£27.88,In stock (4 available)
657,The Bone Hunters (Lexy Vaughan & Steven Macaulay #2),Thriller,Three,£59.71,In stock (4 available)
658,The Beast (Black Dagger Brotherhood #14),Fantasy,Five,£46.08,In stock (4 available)
659,Some Women,Womens Fiction,Five,£13.73,In stock (4 available)
660,Shopaholic Ties the Knot (Shopaholic #3),Womens Fiction,Five,£48.39,In stock (4 available)
661,Paper and Fire (The Great Library #2),Fantasy,Five,£49.45,In stock (4 available)
662,Outlander (Outlander #1),Default,Five,£19.67,In stock (4 available)
663,"Orchestra of Exiles: The Story of Bronislaw Huberman, the Israel Philharmonic, and the One Thousand Jews He Saved from Nazi Horrors",Music,Three,£12.36,In stock (4 available)
664,No One Here Gets Out Alive,Music,Five,£20.02,In stock (4 available)
665,Night Shift (Night Shift #1-20),Horror,Four,£12.75,In stock (4 available)
666,Needful Things,Horror,Four,£47.51,In stock (4 available)
667,Mockingjay (The Hunger Games #3),Default,Four,£20.44,In stock (4 available)
668,Misery,Horror,Two,£34.79,In stock (4 available)
669,Little Women (Little Women #1),Classics,Four,£28.07,In stock (4 available)
670,It,Horror,Three,£25.01,In stock (4 available)
671,Harry Potter and the Sorcerer's Stone (Harry Potter #1),Default,Three,£13.90,In stock (4 available)
672,Harry Potter and the Prisoner of Azkaban (Harry Potter #3),Young Adult,Four,£24.17,In stock (4 available)
673,Harry Potter and the Order of the Phoenix (Harry Potter #5),Fantasy,Four,£31.63,In stock (4 available)
674,Harry Potter and the Half-Blood Prince (Harry Potter #6),Fantasy,Five,£48.75,In stock (4 available)
675,Harry Potter and the Chamber of Secrets (Harry Potter #2),Fantasy,One,£14.74,In stock (4 available)
676,Gone with the Wind,Classics,Three,£32.49,In stock (4 available)
677,God Is Not Great: How Religion Poisons Everything,Nonfiction,One,£27.80,In stock (4 available)
678,Girl With a Pearl Earring,Historical Fiction,One,£26.77,In stock (4 available)
679,"Fruits Basket, Vol. 4 (Fruits Basket #4)",Sequential Art,Four,£50.44,In stock (4 available)
680,Far From True (Promise Falls Trilogy #2),Thriller,Two,£34.93,In stock (4 available)
681,Dark Lover (Black Dagger Brotherhood #1),Romance,One,£12.87,In stock (4 available)
682,Confessions of a Shopaholic (Shopaholic #1),Default,Two,£48.94,In stock (4 available)
683,Changing the Game (Play by Play #2),Romance,Three,£13.38,In stock (4 available)
684,Candide,Classics,Three,£58.63,In stock (4 available)
685,Can You Keep a Secret?,Womens Fiction,One,£21.94,In stock (4 available)
686,Atlas Shrugged,Fiction,Five,£26.58,In stock (4 available)
687,Animal Farm,Classics,Three,£57.22,In stock (4 available)
688,A Walk to Remember,Romance,One,£56.43,In stock (4 available)
689,A New Earth: Awakening to Your Life's Purpose,Spirituality,Five,£55.65,In stock (4 available)
690,"A History of God: The 4,000-Year Quest of Judaism, Christianity, and Islam",Religion,One,£27.62,In stock (4 available)
691,'Salem's Lot,Horror,Four,£49.56,In stock (4 available)
692,Zero History (Blue Ant #3),Default,One,£34.77,In stock (3 available)
693,Wuthering Heights,Classics,Three,£17.73,In stock (3 available)
694,World War Z: An Oral History of the Zombie War,Default,One,£21.80,In stock (3 available)
695,Wild: From Lost to Found on the Pacific Crest Trail,Default,Three,£46.02,In stock (3 available)
696,"Where'd You Go, Bernadette",Default,One,£18.13,In stock (3 available)
697,When You Are Engulfed in Flames,Humor,Five,£30.89,In stock (3 available)
698,We the People: The Modern-Day Figures Who Have Reshaped and Affirmed the Founding Fathers' Vision of America,Nonfiction,Three,£31.95,In stock (3 available)
699,We Are All Completely Beside Ourselves,Contemporary,One,£24.04,In stock (3 available)
700,Walk the Edge (Thunder Road #2),Young Adult,Three,£32.36,In stock (3 available)
701,Voyager (Outlander #3),Historical Fiction,Five,£21.07,In stock (3 available)
702,Very Good Lives: The Fringe Benefits of Failure and the Importance of Imagination,Nonfiction,Three,£50.66,In stock (3 available)
703,Vegan Vegetarian Omnivore: Dinner for Everyone at the Table,Food and Drink,Two,£13.66,In stock (3 available)
704,"Unstuffed: Decluttering Your Home, Mind, and Soul",Nonfiction,One,£58.09,In stock (3 available)
705,Under the Banner of Heaven: A Story of Violent Faith,Nonfiction,One,£30.00,In stock (3 available)
706,Two Boys Kissing,Young Adult,Two,£32.74,In stock (3 available)
707,Twilight (Twilight #1),Default,Two,£41.93,In stock (3 available)
708,Twenties Girl,Womens Fiction,Two,£42.80,In stock (3 available)
709,"Trespassing Across America: One Man's Epic, Never-Done-Before (and Sort of Illegal) Hike Across the Heartland",Nonfiction,One,£53.51,In stock (3 available)
710,Three-Martini Lunch,Fiction,Three,£23.21,In stock (3 available)
711,"Thinking, Fast and Slow",Psychology,One,£21.14,In stock (3 available)
712,The Wild Robot,Childrens,Three,£56.07,In stock (3 available)
713,"The Wicked + The Divine, Vol. 3: Commercial Suicide (The Wicked + The Divine)",Sequential Art,Three,£14.41,In stock (3 available)
714,The Undomestic Goddess,Womens Fiction,Four,£45.75,In stock (3 available)
715,The Travelers,Thriller,One,£15.77,In stock (3 available)
716,The Tipping Point: How Little Things Can Make a Big Difference,Add a comment,Two,£10.02,In stock (3 available)
717,The Thing About Jellyfish,Childrens,One,£48.77,In stock (3 available)
718,The Stand,Horror,Two,£57.86,In stock (3 available)
719,The Smitten Kitchen Cookbook,Food and Drink,One,£23.59,In stock (3 available)
720,The Silkworm (Cormoran Strike #2),Mystery,Five,£23.05,In stock (3 available)
721,"The Sandman, Vol. 3: Dream Country (The Sandman (volumes) #3)",Sequential Art,Five,£55.55,In stock (3 available)
722,The Rose & the Dagger (The Wrath and the Dawn #2),Fantasy,Four,£58.64,In stock (3 available)
723,The Road to Little Dribbling: Adventures of an American in Britain (Notes From a Small Island #2),Travel,One,£23.21,In stock (3 available)
724,The Rise of Theodore Roosevelt (Theodore Roosevelt #1),Biography,Three,£42.57,In stock (3 available)
725,The Restaurant at the End of the Universe (Hitchhiker's Guide to the Galaxy #2),Science Fiction,One,£10.92,In stock (3 available)
726,The Rest Is Noise: Listening to the Twentieth Century,Add a comment,One,£34.77,In stock (3 available)
727,The Red Tent,Historical Fiction,Five,£35.66,In stock (3 available)
728,The Purpose Driven Life: What on Earth Am I Here for?,Add a comment,Three,£37.19,In stock (3 available)
729,The Purest Hook (Second Circle Tattoos #3),Romance,One,£12.25,In stock (3 available)
730,The Picture of Dorian Gray,Classics,Two,£29.70,In stock (3 available)
731,The Paris Wife,Default,Three,£36.80,In stock (3 available)
732,The Obsession,Romance,One,£45.43,In stock (3 available)
733,The Nightingale,Fiction,Four,£26.26,In stock (3 available)
734,The New Guy (and Other Senior Year Distractions),Young Adult,Three,£44.92,In stock (3 available)
735,The Nanny Diaries (Nanny #1),Womens Fiction,Five,£52.53,In stock (3 available)
736,The Name of God is Mercy,Nonfiction,Two,£37.25,In stock (3 available)
737,The Maze Runner (The Maze Runner #1),Default,One,£20.93,In stock (3 available)
738,The Lover's Dictionary,Default,Two,£58.09,In stock (3 available)
739,The Lonely Ones,Childrens,Five,£43.59,In stock (3 available)
740,The Lean Startup: How Today's Entrepreneurs Use Continuous Innovation to Create Radically Successful Businesses,Business,Three,£33.92,In stock (3 available)
741,The Last Painting of Sara de Vos,Historical Fiction,Two,£55.55,In stock (3 available)
742,"The Land of 10,000 Madonnas",Young Adult,Four,£29.64,In stock (3 available)
743,The Infinities,Fiction,One,£27.41,In stock (3 available)
744,The Husband's Secret,Fiction,Five,£52.51,In stock (3 available)
745,The Hitchhiker's Guide to the Galaxy (Hitchhiker's Guide to the Galaxy #1),Add a comment,Three,£47.80,In stock (3 available)
746,The Guns of August,History,Two,£14.54,In stock (3 available)
747,The Guernsey Literary and Potato Peel Pie Society,Historical Fiction,One,£49.53,In stock (3 available)
748,The Goldfinch,Default,Three,£43.58,In stock (3 available)
749,The Giver (The Giver Quartet #1),Default,One,£12.30,In stock (3 available)
750,The Girl with All the Gifts,Horror,Three,£49.47,In stock (3 available)
751,The Girl Who Played with Fire (Millennium Trilogy #2),Default,Two,£22.14,In stock (3 available)
752,The Girl Who Kicked the Hornet's Nest (Millennium Trilogy #3),Add a comment,One,£57.48,In stock (3 available)
753,The Exiled,Mystery,Three,£43.45,In stock (3 available)
754,"The End of Faith: Religion, Terror, and the Future of Reason",Add a comment,Four,£22.13,In stock (3 available)
755,"The Elegant Universe: Superstrings, Hidden Dimensions, and the Quest for the Ultimate Theory",Science,Four,£13.03,In stock (3 available)
756,"The Disappearing Spoon: And Other True Tales of Madness, Love, and the History of the World from the Periodic Table of the Elements",Science,Five,£57.35,In stock (3 available)
757,The Devil Wears Prada (The Devil Wears Prada #1),Womens Fiction,One,£44.29,In stock (3 available)
758,The Demon-Haunted World: Science as a Candle in the Dark,Default,Four,£52.25,In stock (3 available)
759,The Day the Crayons Came Home (Crayons),Childrens,Five,£26.33,In stock (3 available)
760,The Da Vinci Code (Robert Langdon #2),Fiction,Two,£22.96,In stock (3 available)
761,The Cuckoo's Calling (Cormoran Strike #1),Mystery,One,£19.21,In stock (3 available)
762,The Complete Stories and Poems (The Works of Edgar Allan Poe [Cameo Edition]),Classics,Four,£26.78,In stock (3 available)
763,The Complete Poems,Add a comment,Five,£41.32,In stock (3 available)
764,The Catcher in the Rye,Add a comment,One,£24.55,In stock (3 available)
765,The Cat in the Hat (Beginner Books B-1),Childrens,Two,£16.26,In stock (3 available)
766,The Case for Christ (Cases for Christianity),Add a comment,One,£47.84,In stock (3 available)
767,The Book Thief,Default,Two,£53.49,In stock (3 available)
768,The Book of Basketball: The NBA According to The Sports Guy,Sports and Games,Five,£44.84,In stock (3 available)
769,The Blind Side: Evolution of a Game,Add a comment,Five,£53.71,In stock (3 available)
770,The Autobiography of Malcolm X,Default,Two,£23.43,In stock (3 available)
771,"The Art of Simple Food: Notes, Lessons, and Recipes from a Delicious Revolution",Food and Drink,Three,£34.32,In stock (3 available)
772,The Art of Fielding,Fiction,One,£22.10,In stock (3 available)
773,"Surely You're Joking, Mr. Feynman!: Adventures of a Curious Character",Science,Two,£25.83,In stock (3 available)
774,Stiff: The Curious Lives of Human Cadavers,Nonfiction,Three,£36.74,In stock (3 available)
775,Spilled Milk: Based on a True Story,Nonfiction,One,£49.51,In stock (3 available)
776,Something Borrowed (Darcy & Rachel #1),Womens Fiction,Five,£48.96,In stock (3 available)
777,Something Blue (Darcy & Rachel #2),Womens Fiction,One,£54.62,In stock (3 available)
778,Soldier (Talon #3),Fantasy,Two,£24.72,In stock (3 available)
779,Shopaholic & Baby (Shopaholic #5),Default,Two,£46.45,In stock (3 available)
780,Seven Days in the Art World,Add a comment,Two,£52.33,In stock (3 available)
781,Seven Brief Lessons on Physics,Science,Four,£30.60,In stock (3 available)
782,Scarlet (The Lunar Chronicles #2),Young Adult,Four,£14.57,In stock (3 available)
783,Sarah's Key,Add a comment,One,£46.29,In stock (3 available)
784,"Saga, Volume 3 (Saga (Collected Editions) #3)",Sequential Art,Five,£21.57,In stock (3 available)
785,Running with Scissors,Autobiography,Four,£12.91,In stock (3 available)
786,Rogue Lawyer (Rogue Lawyer #1),Add a comment,Three,£50.11,In stock (3 available)
787,"Rise of the Rocket Girls: The Women Who Propelled Us, from Missiles to the Moon to Mars",Nonfiction,Four,£41.67,In stock (3 available)
788,Rework,Business,Two,£44.88,In stock (3 available)
789,Reservations for Two,Romance,Three,£11.10,In stock (3 available)
790,Red: The True Story of Red Riding Hood,Childrens,Three,£28.54,In stock (3 available)
791,Ready Player One,Science Fiction,Four,£19.07,In stock (3 available)
792,Quiet: The Power of Introverts in a World That Can't Stop Talking,Default,One,£43.55,In stock (3 available)
793,Prodigy: The Graphic Novel (Legend: The Graphic Novel #2),Sequential Art,Three,£43.63,In stock (3 available)
794,Persepolis: The Story of a Childhood (Persepolis #1-2),Sequential Art,One,£39.13,In stock (3 available)
795,Packing for Mars: The Curious Science of Life in the Void,Default,Two,£56.68,In stock (3 available)
796,Outliers: The Story of Success,Nonfiction,One,£14.16,In stock (3 available)
797,Original Fake,Sequential Art,Three,£31.45,In stock (3 available)
798,Orange Is the New Black,Default,Two,£24.61,In stock (3 available)
799,One for the Money (Stephanie Plum #1),Default,Two,£32.87,In stock (3 available)
800,Notes from a Small Island (Notes From a Small Island #1),Nonfiction,One,£40.17,In stock (3 available)
801,Night (The Night Trilogy #1),Nonfiction,One,£13.51,In stock (3 available)
802,Neither Here nor There: Travels in Europe,Travel,Three,£38.95,In stock (3 available)
803,Naked,Humor,Three,£31.69,In stock (3 available)
804,Morning Star (Red Rising #3),Default,One,£29.40,In stock (3 available)
805,"Miracles from Heaven: A Little Girl, Her Journey to Heaven, and Her Amazing Story of Healing",Nonfiction,One,£57.83,In stock (3 available)
806,Midnight Riot (Peter Grant/ Rivers of London - books #1),Fantasy,Two,£55.46,In stock (3 available)
807,Me Talk Pretty One Day,Autobiography,Two,£57.60,In stock (3 available)
808,Manuscript Found in Accra,Add a comment,Two,£34.98,In stock (3 available)
809,Lust & Wonder,Autobiography,Two,£11.87,In stock (3 available)
810,Lila (Gilead #3),Fiction,Three,£12.47,In stock (3 available)
811,"Life, the Universe and Everything (Hitchhiker's Guide to the Galaxy #3)",Science Fiction,Two,£33.26,In stock (3 available)
812,Life Without a Recipe,Autobiography,Five,£59.04,In stock (3 available)
813,Life After Life,Default,Two,£26.13,In stock (3 available)
814,Letter to a Christian Nation,Nonfiction,One,£22.20,In stock (3 available)
815,Let's Pretend This Never Happened: A Mostly True Memoir,Nonfiction,One,£45.11,In stock (3 available)
816,Legend (Legend #1),Young Adult,Four,£43.69,In stock (3 available)
817,"Lean In: Women, Work, and the Will to Lead",Default,One,£25.02,In stock (3 available)
818,"Lamb: The Gospel According to Biff, Christ's Childhood Pal",Humor,Five,£55.50,In stock (3 available)
819,Lady Renegades (Rebel Belle #3),Young Adult,Five,£53.04,In stock (3 available)
820,Jurassic Park (Jurassic Park #1),Fiction,One,£44.97,In stock (3 available)
821,It's Never Too Late to Begin Again: Discovering Creativity and Meaning at Midlife and Beyond,Nonfiction,One,£42.38,In stock (3 available)
822,Is Everyone Hanging Out Without Me? (And Other Concerns),Default,Three,£20.11,In stock (3 available)
823,Into the Wild,Nonfiction,Five,£56.70,In stock (3 available)
824,Inferno (Robert Langdon #4),Fiction,Five,£41.00,In stock (3 available)
825,"In the Garden of Beasts: Love, Terror, and an American Family in Hitler's Berlin",Nonfiction,Three,£28.85,In stock (3 available)
826,If I Run (If I Run #1),Christian Fiction,Four,£49.97,In stock (3 available)
827,I've Got Your Number,Womens Fiction,One,£19.69,In stock (3 available)
828,I Am Malala: The Girl Who Stood Up for Education and Was Shot by the Taliban,Nonfiction,Two,£28.88,In stock (3 available)
829,Hungry Girl Clean & Hungry: Easy All-Natural Recipes for Healthy Eating in the Real World,Food and Drink,Three,£33.14,In stock (3 available)
830,"House of Lost Worlds: Dinosaurs, Dynasties, and the Story of Life on Earth",History,Two,£43.70,In stock (3 available)
831,House of Leaves,Horror,One,£54.89,In stock (3 available)
832,Horrible Bear!,Childrens,Two,£37.52,In stock (3 available)
833,Holidays on Ice,Humor,Two,£51.07,In stock (3 available)
834,Heir to the Sky,Fantasy,Four,£44.07,In stock (3 available)
835,Green Eggs and Ham (Beginner Books B-16),Childrens,Four,£10.79,In stock (3 available)
836,"Grayson, Vol 3: Nemesis (Grayson #3)",Sequential Art,One,£42.72,In stock (3 available)
837,Gratitude,Nonfiction,Five,£26.66,In stock (3 available)
838,Gone Girl,Default,Five,£37.60,In stock (3 available)
839,Golden (Heart of Dread #3),Young Adult,Four,£42.21,In stock (3 available)
840,Girl in the Blue Coat,Historical Fiction,Two,£46.83,In stock (3 available)
841,"Fruits Basket, Vol. 3 (Fruits Basket #3)",Sequential Art,Two,£45.17,In stock (3 available)
842,"Friday Night Lights: A Town, a Team, and a Dream",Sports and Games,Three,£51.22,In stock (3 available)
843,Fire Bound (Sea Haven/Sisters of the Heart #5),Add a comment,Four,£21.28,In stock (3 available)
844,Fifty Shades Freed (Fifty Shades #3),Adult Fiction,Five,£15.36,In stock (3 available)
845,Fellside,Default,One,£38.62,In stock (3 available)
846,Extreme Prey (Lucas Davenport #26),Mystery,Three,£25.40,In stock (3 available)
847,Eragon (The Inheritance Cycle #1),Fantasy,Three,£43.87,In stock (3 available)
848,Eclipse (Twilight #3),Default,One,£18.74,In stock (3 available)
849,Dune (Dune #1),Science Fiction,One,£54.86,In stock (3 available)
850,Dracula,Default,Three,£52.62,In stock (3 available)
851,Do Androids Dream of Electric Sheep? (Blade Runner #1),Science Fiction,One,£51.48,In stock (3 available)
852,Disrupted: My Misadventure in the Start-Up Bubble,Nonfiction,Five,£15.28,In stock (3 available)
853,Dead Wake: The Last Crossing of the Lusitania,Default,Five,£39.24,In stock (3 available)
854,"David and Goliath: Underdogs, Misfits, and the Art of Battling Giants",Default,One,£17.81,In stock (3 available)
855,Darkfever (Fever #1),Fantasy,One,£56.02,In stock (3 available)
856,Dark Places,Default,Five,£23.90,In stock (3 available)
857,Crazy Rich Asians (Crazy Rich Asians #1),Fiction,Five,£49.13,In stock (3 available)
858,Counting Thyme,Childrens,One,£10.62,In stock (3 available)
859,Cosmos,Add a comment,Two,£36.17,In stock (3 available)
860,Civilization and Its Discontents,Psychology,Two,£59.95,In stock (3 available)
861,Cinder (The Lunar Chronicles #1),Young Adult,One,£26.09,In stock (3 available)
862,Catastrophic Happiness: Finding Joy in Childhood's Messy Years,Parenting,Two,£37.35,In stock (3 available)
863,Career of Evil (Cormoran Strike #3),Mystery,Two,£24.72,In stock (3 available)
864,Breaking Dawn (Twilight #4),Default,Five,£35.28,In stock (3 available)
865,Brave Enough,Nonfiction,Five,£51.32,In stock (3 available)
866,Boy Meets Boy,Young Adult,Three,£21.12,In stock (3 available)
867,"Born to Run: A Hidden Tribe, Superathletes, and the Greatest Race the World Has Never Seen",Nonfiction,Two,£27.35,In stock (3 available)
868,Blink: The Power of Thinking Without Thinking,Nonfiction,Five,£21.74,In stock (3 available)
869,Black Flags: The Rise of ISIS,Nonfiction,One,£40.87,In stock (3 available)
870,"Black Butler, Vol. 1 (Black Butler #1)",Sequential Art,One,£49.31,In stock (3 available)
871,Big Little Lies,Fiction,One,£22.11,In stock (3 available)
872,Between Shades of Gray,Historical Fiction,Five,£20.79,In stock (3 available)
873,Best of My Love (Fool's Gold #20),Romance,Two,£27.41,In stock (3 available)
874,Beowulf,Classics,Two,£38.35,In stock (3 available)
875,Beautiful Creatures (Caster Chronicles #1),Default,Five,£21.55,In stock (3 available)
876,Awkward,Sequential Art,Two,£38.02,In stock (3 available)
877,Ash,Fantasy,Four,£22.06,In stock (3 available)
878,Are We There Yet?,Childrens,Three,£10.66,In stock (3 available)
879,Are We Smart Enough to Know How Smart Animals Are?,Nonfiction,One,£56.58,In stock (3 available)
880,Annie on My Mind,Young Adult,Five,£36.83,In stock (3 available)
881,And Then There Were None,Classics,Two,£35.01,In stock (3 available)
882,A Walk in the Woods: Rediscovering America on the Appalachian Trail,Nonfiction,Four,£30.48,In stock (3 available)
883,A Visit from the Goon Squad,Default,Five,£14.08,In stock (3 available)
884,A Storm of Swords (A Song of Ice and Fire #3),Fantasy,Two,£31.22,In stock (3 available)
885,A Heartbreaking Work of Staggering Genius,Autobiography,Five,£54.29,In stock (3 available)
886,8 Keys to Mental Health Through Exercise,Psychology,One,£31.04,In stock (3 available)
887,#GIRLBOSS,Add a comment,One,£50.96,In stock (3 available)
888,"The Suffragettes (Little Black Classics, #96)",Nonfiction,Two,£11.89,In stock (2 available)
889,The Sense of an Ending,Add a comment,Three,£31.38,In stock (2 available)
890,"The Sandman, Vol. 2: The Doll's House (The Sandman (volumes) #2)",Sequential Art,One,£54.81,In stock (2 available)
891,The Course of Love,Fiction,Three,£16.78,In stock (2 available)
892,Sugar Rush (Offensive Line #2),Sports and Games,One,£24.42,In stock (2 available)
893,"Saga, Volume 2 (Saga (Collected Editions) #2)",Sequential Art,Three,£11.75,In stock (2 available)
894,"Run, Spot, Run: The Ethics of Keeping Pets",Philosophy,One,£20.02,In stock (2 available)
895,New Moon (Twilight #2),Young Adult,Four,£12.86,In stock (2 available)
896,Life,Music,Five,£31.58,In stock (2 available)
897,Kindle Paperwhite User's Guide,Nonfiction,Three,£34.00,In stock (2 available)
898,H is for Hawk,Nonfiction,Five,£57.42,In stock (2 available)
899,Girl Online On Tour (Girl Online #2),Young Adult,One,£53.47,In stock (2 available)
900,"Fruits Basket, Vol. 2 (Fruits Basket #2)",Sequential Art,Five,£11.64,In stock (2 available)
901,Diary of a Minecraft Zombie Book 1: A Scare of a Dare (An Unofficial Minecraft Book),Childrens,Four,£52.88,In stock (2 available)
902,"Y: The Last Man, Vol. 1: Unmanned (Y: The Last Man #1)",Sequential Art,Four,£18.51,In stock (1 available)
903,While You Were Mine,Historical Fiction,Five,£41.32,In stock (1 available)
904,Where Lightning Strikes (Bleeding Stars #3),Romance,Three,£39.77,In stock (1 available)
905,When I'm Gone,Fiction,Three,£51.96,In stock (1 available)
906,Ways of Seeing,Art,Five,£39.51,In stock (1 available)
907,"Vampire Knight, Vol. 1 (Vampire Knight #1)",Paranormal,One,£15.40,In stock (1 available)
908,Vampire Girl (Vampire Girl #1),Fantasy,Two,£53.82,In stock (1 available)
909,Twenty Love Poems and a Song of Despair,Poetry,Four,£30.95,In stock (1 available)
910,Travels with Charley: In Search of America,Nonfiction,Five,£57.82,In stock (1 available)
911,Three Wishes (River of Time: California #1),Science Fiction,Two,£44.18,In stock (1 available)
912,This One Moment (Pushing Limits #1),Romance,One,£48.71,In stock (1 available)
913,The Zombie Room,Default,Five,£19.69,In stock (1 available)
914,"The Wicked + The Divine, Vol. 1: The Faust Act (The Wicked + The Divine)",Sequential Art,Two,£36.52,In stock (1 available)
915,The Tumor,Nonfiction,Five,£41.56,In stock (1 available)
916,The Story of Hong Gildong,Classics,Four,£43.19,In stock (1 available)
917,The Silent Wife,Fiction,Five,£12.34,In stock (1 available)
918,The Silent Twin (Detective Jennifer Knight #3),Fantasy,Three,£36.25,In stock (1 available)
919,The Selfish Gene,Science,One,£29.45,In stock (1 available)
920,The Secret Healer,Historical Fiction,Three,£34.56,In stock (1 available)
921,"The Sandman, Vol. 1: Preludes and Nocturnes (The Sandman (volumes) #1)",Sequential Art,Three,£54.12,In stock (1 available)
922,The Republic,Add a comment,Three,£33.78,In stock (1 available)
923,The Odyssey,Add a comment,Three,£29.64,In stock (1 available)
924,The No. 1 Ladies' Detective Agency (No. 1 Ladies' Detective Agency #1),Mystery,Four,£57.70,In stock (1 available)
925,The Nicomachean Ethics,Philosophy,One,£36.34,In stock (1 available)
926,The Name of the Wind (The Kingkiller Chronicle #1),Default,Three,£50.59,In stock (1 available)
927,The Mirror & the Maze (The Wrath and the Dawn #1.5),Fantasy,One,£29.38,In stock (1 available)
928,The Little Prince,Classics,Two,£45.42,In stock (1 available)
929,The Light of the Fireflies,Add a comment,One,£54.43,In stock (1 available)
930,The Last Girl (The Dominion Trilogy #1),Science Fiction,Two,£36.26,In stock (1 available)
931,The Iliad,Add a comment,One,£16.16,In stock (1 available)
932,The Hook Up (Game On #1),New Adult,Five,£36.29,In stock (1 available)
933,The Haters,Young Adult,Five,£27.89,In stock (1 available)
934,The Girl You Lost,Mystery,Five,£12.29,In stock (1 available)
935,The Girl In The Ice (DCI Erika Foster #1),Mystery,Three,£15.85,In stock (1 available)
936,The End of the Jesus Era (An Investigation #1),Nonfiction,One,£14.40,In stock (1 available)
937,The Edge of Reason (Bridget Jones #2),Womens Fiction,Four,£19.18,In stock (1 available)
938,The Complete Maus (Maus #1-2),Sequential Art,Three,£10.64,In stock (1 available)
939,The Communist Manifesto,Add a comment,Three,£14.76,In stock (1 available)
940,The Bhagavad Gita,Religion,Three,£57.49,In stock (1 available)
941,The Bette Davis Club,Fiction,Three,£30.66,In stock (1 available)
942,The Art of Not Breathing,Young Adult,Four,£40.83,In stock (1 available)
943,Taking Shots (Assassins #1),Default,Two,£18.88,In stock (1 available)
944,Starlark,Historical Fiction,Three,£25.83,In stock (1 available)
945,"Skip Beat!, Vol. 01 (Skip Beat! #1)",Sequential Art,Three,£42.12,In stock (1 available)
946,Sister Sable (The Mad Queen #1),Fantasy,Three,£13.33,In stock (1 available)
947,Shatter Me (Shatter Me #1),Default,One,£42.40,In stock (1 available)
948,Shameless,New Adult,Three,£58.35,In stock (1 available)
949,Shadow Rites (Jane Yellowrock #10),Fantasy,Four,£21.72,In stock (1 available)
950,Settling the Score (The Summer Games #1),Sports and Games,Two,£44.91,In stock (1 available)
951,Sense and Sensibility,Classics,One,£37.46,In stock (1 available)
952,"Saga, Volume 1 (Saga (Collected Editions) #1)",Sequential Art,One,£28.48,In stock (1 available)
953,"Rhythm, Chord & Malykhin",Romance,Two,£28.34,In stock (1 available)
954,"Rat Queens, Vol. 1: Sass & Sorcery (Rat Queens (Collected Editions) #1-5)",Sequential Art,Five,£46.96,In stock (1 available)
955,Paradise Lost (Paradise #1),Default,One,£24.96,In stock (1 available)
956,"Paper Girls, Vol. 1 (Paper Girls #1-5)",Sequential Art,Four,£21.71,In stock (1 available)
957,"Ouran High School Host Club, Vol. 1 (Ouran High School Host Club #1)",Sequential Art,Three,£29.87,In stock (1 available)
958,Origins (Alphas 0.5),Fantasy,One,£28.99,In stock (1 available)
959,One Second (Seven #7),Fantasy,Two,£52.94,In stock (1 available)
960,On the Road (Duluoz Legend),Default,Three,£32.36,In stock (1 available)
961,Old Records Never Die: One Man's Quest for His Vinyl and His Past,Music,Two,£55.66,In stock (1 available)
962,Off Sides (Off #1),New Adult,Five,£39.45,In stock (1 available)
963,Of Mice and Men,Classics,Two,£47.11,In stock (1 available)
964,Myriad (Prentor #1),Fantasy,Four,£58.75,In stock (1 available)
965,My Perfect Mistake (Over the Top #1),Romance,Two,£38.92,In stock (1 available)
966,"Ms. Marvel, Vol. 1: No Normal (Ms. Marvel (2014-2015) #1)",Sequential Art,Four,£39.39,In stock (1 available)
967,Meditations,Philosophy,Two,£25.89,In stock (1 available)
968,Matilda,Childrens,One,£28.34,In stock (1 available)
969,Lost Among the Living,Historical Fiction,Four,£27.70,In stock (1 available)
970,Lord of the Flies,Add a comment,Three,£24.89,In stock (1 available)
971,Listen to Me (Fusion #1),Romance,Three,£58.99,In stock (1 available)
972,Kitchens of the Great Midwest,Fiction,Five,£57.20,In stock (1 available)
973,Jane Eyre,Default,Five,£38.43,In stock (1 available)
974,Imperfect Harmony,Romance,Four,£34.74,In stock (1 available)
975,Icing (Aces Hockey #2),Sports and Games,Four,£40.44,In stock (1 available)
976,"Hawkeye, Vol. 1: My Life as a Weapon (Hawkeye #1)",Sequential Art,Three,£45.24,In stock (1 available)
977,Having the Barbarian's Baby (Ice Planet Barbarians #7.5),Science Fiction,Four,£34.96,In stock (1 available)
978,"Giant Days, Vol. 1 (Giant Days #1-4)",Sequential Art,Four,£56.76,In stock (1 available)
979,"Fruits Basket, Vol. 1 (Fruits Basket #1)",Sequential Art,Five,£40.28,In stock (1 available)
980,Frankenstein,Default,Two,£38.00,In stock (1 available)
981,Forever Rockers (The Rocker #12),Music,Three,£28.80,In stock (1 available)
982,Fighting Fate (Fighting #6),Romance,Three,£39.24,In stock (1 available)
983,Emma,Classics,Two,£32.93,In stock (1 available)
984,"Eat, Pray, Love",Nonfiction,Three,£51.32,In stock (1 available)
985,Deep Under (Walker Security #1),Romance,Five,£47.09,In stock (1 available)
986,Choosing Our Religion: The Spiritual Lives of America's Nones,Religion,Four,£28.42,In stock (1 available)
987,Charlie and the Chocolate Factory (Charlie Bucket #1),Childrens,Three,£22.85,In stock (1 available)
988,Charity's Cross (Charles Towne Belles #4),Romance,One,£41.24,In stock (1 available)
989,Bright Lines,Fiction,Five,£39.07,In stock (1 available)
990,Bridget Jones's Diary (Bridget Jones #1),Womens Fiction,One,£29.82,In stock (1 available)
991,Bounty (Colorado Mountain #7),Romance,Four,£37.26,In stock (1 available)
992,Blood Defense (Samantha Brinkman #1),Mystery,Three,£20.30,In stock (1 available)
993,"Bleach, Vol. 1: Strawberry and the Soul Reapers (Bleach #1)",Sequential Art,Five,£34.65,In stock (1 available)
994,Beyond Good and Evil,Philosophy,One,£43.38,In stock (1 available)
995,Alice in Wonderland (Alice's Adventures in Wonderland #1),Classics,One,£55.53,In stock (1 available)
996,"Ajin: Demi-Human, Volume 1 (Ajin: Demi-Human #1)",Sequential Art,Four,£57.06,In stock (1 available)
997,A Spy's Devotion (The Regency Spies of London #1),Historical Fiction,Five,£16.97,In stock (1 available)
998,1st to Die (Women's Murder Club #1),Mystery,One,£53.98,In stock (1 available)
999,"1,000 Places to See Before You Die",Travel,Five,£26.08,In stock (1 available)
